Hand_ID,Seed,Trials,Recommended Bid,Best Score,Second Best Score,Score Gap
1,61,1000,2,19.168,11.903,7.264999999999999
1,12,1000,2,19.975,13.731,6.2440000000000015
1,38,1000,2,19.303,11.842,7.461
1,29,1000,2,19.318,11.877,7.441000000000001
1,84,1000,2,19.213,11.89,7.323
1,61,10000,2,19.2001,11.8586,7.3415
1,12,10000,2,19.354,11.8857,7.468299999999999
1,38,10000,2,19.2139,11.8566,7.357299999999999
1,29,10000,2,19.3651,11.8813,7.483800000000002
1,84,10000,2,19.4183,11.89,7.528299999999998
2,61,1000,1,9.716,2.301,7.414999999999999
2,12,1000,1,10.019,3.572,6.447
2,38,1000,1,9.988,2.254,7.734
2,29,1000,1,9.976,2.574,7.402000000000001
2,84,1000,1,9.955,2.807,7.148
2,61,10000,1,9.9671,3.3634,6.6037
2,12,10000,1,9.8431,3.0043,6.838799999999999
2,38,10000,1,9.8957,2.9716,6.924099999999999
2,29,10000,1,9.882,2.8822,6.9998
2,84,10000,1,9.8763,3.1752,6.7011
3,61,1000,1,9.344,3.814,5.529999999999999
3,12,1000,1,9.565,3.971,5.593999999999999
3,38,1000,1,9.432,3.549,5.883000000000001
3,29,1000,1,9.464,3.795,5.6690000000000005
3,84,1000,1,9.515,4.177,5.338000000000001
3,61,10000,1,9.4175,4.2316,5.1859
3,12,10000,1,9.3799,3.6523,5.727599999999999
3,38,10000,1,9.531,3.9579,5.5731
3,29,10000,1,9.383,3.7724,5.610599999999999
3,84,10000,1,9.4387,3.95,5.488700000000001
4,61,1000,5,48.608,42.102,6.506
4,12,1000,5,47.797,42.262,5.534999999999997
4,38,1000,5,48.946,42.143,6.802999999999997
4,29,1000,5,48.295,42.166,6.129000000000005
4,84,1000,5,47.311,42.172,5.139000000000003
4,61,10000,5,48.3421,42.1571,6.185000000000002
4,12,10000,5,47.8879,42.1625,5.7254000000000005
4,38,10000,5,48.5324,42.1654,6.367000000000004
4,29,10000,5,48.0505,42.1347,5.915799999999997
4,84,10000,5,48.3924,42.172,6.220400000000005
5,61,1000,3,28.948,22.131,6.817
5,12,1000,3,29.646,22.18,7.466000000000001
5,38,1000,3,29.385,22.155,7.23
5,29,1000,3,29.545,22.098,7.447000000000003
5,84,1000,3,28.949,22.132,6.817
5,61,10000,3,29.499,22.1331,7.3659
5,12,10000,3,29.4632,22.1388,7.324400000000001
5,38,10000,3,29.4833,22.149,7.334299999999999
5,29,10000,3,29.4803,22.13,7.350300000000001
5,84,10000,3,29.4321,22.1429,7.2891999999999975
6,61,1000,4,40.137,31.927,8.21
6,12,1000,4,40.104,31.894,8.21
6,38,1000,4,40.473,31.947,8.526
6,29,1000,4,40.536,31.931,8.605
6,84,1000,4,40.497,31.892,8.605
6,61,10000,4,40.1914,31.9024,8.289000000000001
6,12,10000,4,40.2136,31.8851,8.328499999999998
6,38,10000,4,40.3287,31.9054,8.423299999999998
6,29,10000,4,40.2453,31.8931,8.3522
6,84,10000,4,40.3571,31.9101,8.447000000000003
7,61,1000,0,27.8,-2.686,30.486
7,12,1000,0,42.6,-4.2,46.800000000000004
7,38,1000,0,34.8,-3.423,38.223
7,29,1000,0,34.6,-3.379,37.979
7,84,1000,0,34.6,-3.373,37.973
7,61,10000,0,33.58,-3.2724,36.852399999999996
7,12,10000,0,36.48,-3.5728,40.0528
7,38,10000,0,35.46,-3.4626,38.9226
7,29,10000,0,33.42,-3.2604,36.6804
7,84,10000,0,34.7,-3.3902,38.0902
8,61,1000,1,11.008,9.595,1.4129999999999985
8,12,1000,1,11.024,10.508,0.516
8,38,1000,1,11.005,9.982,1.0230000000000015
8,29,1000,1,11.015,9.68,1.3350000000000009
8,84,1000,1,11.064,10.431,0.6330000000000009
8,61,10000,1,11.0128,10.0678,0.9450000000000003
8,12,10000,1,11.0211,10.0956,0.9255000000000013
8,38,10000,1,11.0129,9.947,1.065900000000001
8,29,10000,1,11.0166,9.9741,1.0425000000000004
8,84,10000,1,11.0343,10.3077,0.7265999999999995
9,61,1000,2,20.585,18.859,1.725999999999999
9,12,1000,2,20.628,17.307,3.3210000000000015
9,38,1000,2,20.846,19.489,1.3569999999999993
9,29,1000,2,20.531,18.255,2.276
9,84,1000,2,20.707,18.979,1.7280000000000015
9,61,10000,2,20.721,19.4058,1.3152000000000008
9,12,10000,2,20.7274,18.9632,1.7641999999999989
9,38,10000,2,20.58,18.9246,1.6553999999999967
9,29,10000,2,20.6995,19.2922,1.4072999999999993
9,84,10000,2,20.6607,19.3307,1.3299999999999983
10,61,1000,3,29.377,23.135,6.241999999999997
10,12,1000,3,30.078,22.484,7.593999999999998
10,38,1000,3,29.706,25.199,4.506999999999998
10,29,1000,3,29.945,22.629,7.315999999999999
10,84,1000,3,29.953,24.928,5.024999999999999
10,61,10000,3,29.9452,22.669,7.276199999999999
10,12,10000,3,29.8917,22.3276,7.5641
10,38,10000,3,29.9291,23.3329,6.5962
10,29,10000,3,30.023,23.0025,7.020499999999998
10,84,10000,3,30.0461,23.3258,6.720299999999998
11,61,1000,4,40.311,33.62,6.6910000000000025
11,12,1000,4,39.638,33.389,6.248999999999995
11,38,1000,4,39.88,35.649,4.231000000000002
11,29,1000,4,39.611,32.15,7.4609999999999985
11,84,1000,4,40.41,32.279,8.130999999999993
11,61,10000,4,40.0228,32.8335,7.189299999999996
11,12,10000,4,39.8675,33.361,6.506500000000003
11,38,10000,4,40.0034,33.7333,6.270099999999999
11,29,10000,4,39.813,32.8614,6.951599999999999
11,84,10000,4,40.1639,33.5019,6.661999999999999
12,61,1000,2,16.785,11.294,5.491
12,12,1000,2,17.186,11.345,5.840999999999999
12,38,1000,2,17.116,11.293,5.823
12,29,1000,2,17.12,11.357,5.763000000000002
12,84,1000,2,16.824,11.314,5.510000000000002
12,61,10000,2,17.0591,11.311,5.748100000000001
12,12,10000,2,17.1227,11.318,5.804699999999999
12,38,10000,2,17.0323,11.3251,5.7071999999999985
12,29,10000,2,17.0505,11.3238,5.726699999999999
12,84,10000,2,17.0135,11.3259,5.6876
13,61,1000,1,10.235,-4.102,14.337
13,12,1000,1,10.186,-4.345,14.530999999999999
13,38,1000,1,10.347,-3.544,13.891
13,29,1000,1,10.345,-4.814,15.159
13,84,1000,1,10.348,-5.026,15.374
13,61,10000,1,10.3154,-3.8382,14.1536
13,12,10000,1,10.3107,-4.2857,14.596400000000001
13,38,10000,1,10.3281,-3.9,14.2281
13,29,10000,1,10.2998,-4.4329,14.7327
13,84,10000,1,10.3051,-4.4785,14.7836
14,61,1000,3,31.184,30.293,0.8910000000000018
14,12,1000,3,30.963,29.146,1.8170000000000002
14,38,1000,3,30.861,30.823,0.038000000000000256
14,29,1000,3,31.005,30.294,0.7109999999999985
14,84,1000,3,30.78,27.266,3.514000000000003
14,61,10000,3,30.8875,29.3618,1.5257000000000005
14,12,10000,3,30.7937,28.8284,1.9653000000000027
14,38,10000,3,30.8101,29.388,1.4220999999999968
14,29,10000,3,30.8873,29.646,1.241299999999999
14,84,10000,3,30.7845,29.1137,1.6707999999999998
15,61,1000,2,18.992,11.045,7.947000000000001
15,12,1000,2,19.058,11.033,8.025
15,38,1000,2,18.694,11.02,7.6739999999999995
15,29,1000,2,19.233,11.052,8.181000000000001
15,84,1000,2,18.896,11.027,7.8690000000000015
15,61,10000,2,19.0106,11.0441,7.9665
15,12,10000,2,18.9833,11.0363,7.946999999999999
15,38,10000,2,19.0134,11.0391,7.974300000000001
15,29,10000,2,19.0062,11.0436,7.9626
15,84,10000,2,18.9134,11.0405,7.8729
16,61,1000,2,19.914,17.686,2.2280000000000015
16,12,1000,2,19.895,19.241,0.6539999999999999
16,38,1000,2,20.209,17.878,2.3309999999999995
16,29,1000,2,20.107,18.8,1.3069999999999986
16,84,1000,2,19.93,18.882,1.0479999999999983
16,61,10000,2,19.9887,18.6841,1.3046000000000006
16,12,10000,2,19.9883,17.993,1.9953000000000003
16,38,10000,2,20.0184,18.1289,1.8894999999999982
16,29,10000,2,20.0351,17.866,2.1691000000000003
16,84,10000,2,20.0309,18.5504,1.4804999999999993
17,61,1000,2,20.267,13.682,6.584999999999999
17,12,1000,2,20.503,13.56,6.943
17,38,1000,2,20.608,14.352,6.256
17,29,1000,2,20.382,14.208,6.174000000000001
17,84,1000,2,20.408,14.765,5.643000000000001
17,61,10000,2,20.3821,14.049,6.333100000000002
17,12,10000,2,20.3363,13.8641,6.472200000000001
17,38,10000,2,20.3053,13.9498,6.355499999999999
17,29,10000,2,20.3673,13.9301,6.437200000000001
17,84,10000,2,20.3607,14.0023,6.358400000000001
18,61,1000,2,16.281,11.395,4.885999999999999
18,12,1000,2,16.953,11.324,5.629
18,38,1000,2,16.432,11.35,5.081999999999999
18,29,1000,2,16.551,11.411,5.139999999999999
18,84,1000,2,16.639,11.461,5.177999999999999
18,61,10000,2,16.387,11.3639,5.023100000000001
18,12,10000,2,16.6544,11.3739,5.280499999999998
18,38,10000,2,16.3225,11.3598,4.962700000000002
18,29,10000,2,16.5189,11.371,5.147899999999998
18,84,10000,2,16.5135,11.3772,5.1363
19,61,1000,3,31.33,27.848,3.4819999999999993
19,12,1000,3,31.368,28.518,2.849999999999998
19,38,1000,3,31.476,29.89,1.5859999999999985
19,29,1000,3,31.43,28.501,2.9289999999999985
19,84,1000,3,31.437,30.325,1.1120000000000019
19,61,10000,3,31.4196,29.6282,1.7913999999999994
19,12,10000,3,31.434,29.7611,1.672900000000002
19,38,10000,3,31.4352,30.2265,1.2086999999999968
19,29,10000,3,31.4227,29.746,1.6767000000000003
19,84,10000,3,31.4192,29.6003,1.8188999999999993
20,61,1000,1,10.695,0.702,9.993
20,12,1000,1,10.732,1.987,8.745
20,38,1000,1,10.712,1.382,9.33
20,29,1000,1,10.776,2.616,8.16
20,84,1000,1,10.75,2.239,8.511
20,61,10000,1,10.7319,1.866,8.8659
20,12,10000,1,10.7268,1.5879,9.138900000000001
20,38,10000,1,10.733,1.8437,8.8893
20,29,10000,1,10.738,1.8448,8.8932
20,84,10000,1,10.7402,2.1317,8.6085
21,61,1000,2,19.73,11.783,7.947000000000001
21,12,1000,2,19.866,11.802,8.064
21,38,1000,2,19.813,11.749,8.063999999999998
21,29,1000,2,20.048,11.789,8.258999999999999
21,84,1000,2,20.19,12.425,7.765000000000001
21,61,10000,2,19.9997,11.7815,8.218200000000001
21,12,10000,2,20.0092,11.7892,8.22
21,38,10000,2,19.9836,11.7694,8.2142
21,29,10000,2,20.1088,11.7873,8.321499999999999
21,84,10000,2,20.0004,11.7901,8.210299999999998
22,61,1000,2,16.493,11.276,5.216999999999999
22,12,1000,2,15.638,11.181,4.457000000000001
22,38,1000,2,16.03,11.222,4.808000000000002
22,29,1000,2,16.191,11.247,4.943999999999999
22,84,1000,2,15.325,11.14,4.184999999999999
22,61,10000,2,15.9987,11.2278,4.770899999999999
22,12,10000,2,16.0368,11.2131,4.823699999999999
22,38,10000,2,16.1488,11.2297,4.919100000000002
22,29,10000,2,16.0698,11.2368,4.833
22,84,10000,2,15.8801,11.2064,4.6737
23,61,1000,1,1.188,-10.6,11.788
23,12,1000,1,0.506,-3.8,4.306
23,38,1000,1,0.519,-3.8,4.319
23,29,1000,1,1.123,-10.0,11.123
23,84,1000,1,0.452,-3.6,4.0520000000000005
23,61,10000,1,0.5937,-4.7,5.2937
23,12,10000,1,0.4327,-3.14,3.5727
23,38,10000,1,0.3856,-2.64,3.0256000000000003
23,29,10000,1,0.4878,-3.68,4.1678
23,84,10000,1,0.4488,-3.32,3.7687999999999997
24,61,1000,4,41.025,40.94,0.08500000000000085
24,12,1000,5,41.235,40.783,0.4519999999999982
24,38,1000,5,41.77,40.903,0.8670000000000044
24,29,1000,5,41.668,40.82,0.847999999999999
24,84,1000,5,41.54,40.871,0.6689999999999969
24,61,10000,5,41.758,40.907,0.8510000000000062
24,12,10000,5,41.6486,41.0105,0.6381000000000014
24,38,10000,5,41.5182,40.9288,0.5893999999999977
24,29,10000,5,41.2646,40.7928,0.4718000000000018
24,84,10000,5,41.8904,40.8627,1.027700000000003
25,61,1000,4,39.941,32.145,7.795999999999999
25,12,1000,4,40.268,32.156,8.112000000000002
25,38,1000,4,40.093,32.079,8.014000000000003
25,29,1000,4,40.287,32.175,8.112000000000002
25,84,1000,4,40.276,32.085,8.191000000000003
25,61,10000,4,40.1289,32.1711,7.957799999999999
25,12,10000,4,40.1033,32.143,7.960299999999997
25,38,10000,4,40.1984,32.1913,8.007100000000001
25,29,10000,4,40.1006,32.1646,7.936
25,84,10000,4,40.1729,32.0976,8.075299999999999
26,61,1000,5,50.409,42.201,8.207999999999998
26,12,1000,5,50.417,42.209,8.207999999999998
26,38,1000,5,50.963,46.459,4.503999999999998
26,29,1000,5,50.306,42.197,8.108999999999995
26,84,1000,5,50.251,42.401,7.849999999999994
26,61,10000,5,50.3744,42.4834,7.890999999999998
26,12,10000,5,50.4653,42.2125,8.2528
26,38,10000,5,50.5284,42.2016,8.326799999999999
26,29,10000,5,50.4078,42.8438,7.564
26,84,10000,5,50.4896,42.322,8.1676
27,61,1000,1,8.189,-8.146,16.335
27,12,1000,1,8.501,-7.627,16.128
27,38,1000,1,8.557,-9.153,17.71
27,29,1000,1,8.524,-8.912,17.436
27,84,1000,1,8.486,-9.378,17.864
27,61,10000,1,8.3872,-8.3526,16.739800000000002
27,12,10000,1,8.4211,-8.5674,16.9885
27,38,10000,1,8.2568,-8.636,16.8928
27,29,10000,1,8.325,-8.5831,16.908099999999997
27,84,10000,1,8.2475,-8.7855,17.033
28,61,1000,2,18.461,11.195,7.265999999999998
28,12,1000,2,17.547,11.179,6.368
28,38,1000,2,18.343,11.234,7.109
28,29,1000,2,18.086,11.231,6.854999999999999
28,84,1000,2,17.999,11.222,6.776999999999999
28,61,10000,2,18.1831,11.2105,6.9726
28,12,10000,2,18.1316,11.2235,6.908099999999999
28,38,10000,2,18.0242,11.2174,6.806800000000001
28,29,10000,2,18.0353,11.2049,6.830399999999999
28,84,10000,2,17.8252,11.1956,6.629599999999998
29,61,1000,1,9.943,-14.397,24.34
29,12,1000,1,10.066,-14.511,24.576999999999998
29,38,1000,1,9.942,-14.027,23.969
29,29,1000,1,9.953,-14.309,24.262
29,84,1000,1,10.0,-14.868,24.868000000000002
29,61,10000,1,10.0101,-14.3236,24.3337
29,12,10000,1,10.0174,-14.4804,24.497799999999998
29,38,10000,1,9.9911,-14.3479,24.339
29,29,10000,1,9.973,-14.4124,24.3854
29,84,10000,1,10.0043,-14.4775,24.4818
30,61,1000,3,31.11,22.11,9.0
30,12,1000,3,31.082,22.082,9.0
30,38,1000,3,31.115,22.115,9.0
30,29,1000,3,31.125,22.125,9.0
30,84,1000,3,30.916,22.093,8.823
30,61,10000,3,31.0153,22.1234,8.8919
30,12,10000,3,30.9726,22.0906,8.882000000000001
30,38,10000,3,30.9836,22.1134,8.8702
30,29,10000,3,31.0376,22.1143,8.923300000000001
30,84,10000,3,31.0673,22.1204,8.9469
31,61,1000,1,10.722,6.895,3.827
31,12,1000,1,10.73,6.707,4.023000000000001
31,38,1000,1,10.756,8.001,2.755000000000001
31,29,1000,1,10.693,6.378,4.3149999999999995
31,84,1000,1,10.801,7.421,3.38
31,61,10000,1,10.7532,7.3371,3.4160999999999992
31,12,10000,1,10.781,7.4694,3.3116000000000003
31,38,10000,1,10.7323,7.295,3.4373000000000005
31,29,10000,1,10.7572,7.3837,3.373499999999999
31,84,10000,1,10.7571,7.6238,3.1332999999999993
32,61,1000,1,3.065,-9.789,12.854
32,12,1000,1,4.058,-9.503,13.561
32,38,1000,1,3.221,-10.144,13.365
32,29,1000,1,4.061,-8.524,12.584999999999999
32,84,1000,1,3.541,-9.266,12.807
32,61,10000,1,3.9494,-8.9884,12.9378
32,12,10000,1,3.7748,-9.3577,13.1325
32,38,10000,1,3.6479,-9.4073,13.0552
32,29,10000,1,3.7871,-9.0978,12.8849
32,84,10000,1,3.6175,-9.0682,12.685699999999999
33,61,1000,1,2.754,-12.747,15.501
33,12,1000,1,2.94,-12.663,15.603
33,38,1000,1,3.025,-12.502,15.527000000000001
33,29,1000,1,2.996,-12.218,15.214
33,84,1000,1,2.751,-12.067,14.818
33,61,10000,1,2.7475,-12.7962,15.543700000000001
33,12,10000,1,2.683,-13.1382,15.8212
33,38,10000,1,2.8775,-12.642,15.519499999999999
33,29,10000,1,2.6823,-12.9437,15.626
33,84,10000,1,2.6028,-12.7852,15.388
34,61,1000,3,22.793,21.263,1.5299999999999976
34,12,1000,3,22.922,21.274,1.6479999999999997
34,38,1000,3,22.684,21.213,1.471
34,29,1000,3,21.973,21.13,0.843
34,84,1000,3,22.597,20.964,1.6330000000000027
34,61,10000,3,22.4987,21.0997,1.399000000000001
34,12,10000,3,22.4426,21.1207,1.3218999999999994
34,38,10000,3,22.5319,21.1455,1.3864000000000019
34,29,10000,3,22.6122,21.1289,1.4832999999999998
34,84,10000,3,22.6053,21.1378,1.4675000000000011
35,61,1000,3,27.969,21.742,6.227
35,12,1000,3,28.176,21.713,6.462999999999997
35,38,1000,3,27.874,21.647,6.227
35,29,1000,3,28.333,21.693,6.639999999999997
35,84,1000,3,27.419,21.605,5.814
35,61,10000,3,28.0534,21.7025,6.350899999999999
35,12,10000,3,27.9259,21.685,6.2409
35,38,10000,3,28.0011,21.6915,6.3096
35,29,10000,3,27.9881,21.6941,6.2940000000000005
35,84,10000,3,27.8357,21.6715,6.1641999999999975
36,61,1000,1,10.018,1.385,8.633000000000001
36,12,1000,1,10.072,0.521,9.550999999999998
36,38,1000,1,10.164,1.118,9.046
36,29,1000,1,10.08,1.153,8.927
36,84,1000,1,10.121,1.388,8.733
36,61,10000,1,10.1582,0.7143,9.443900000000001
36,12,10000,1,10.1031,0.6508,9.4523
36,38,10000,1,10.1135,0.94,9.1735
36,29,10000,1,10.103,0.8829,9.2201
36,84,10000,1,10.1139,0.9618,9.152099999999999
37,61,1000,2,18.487,11.71,6.7769999999999975
37,12,1000,2,18.7,11.728,6.9719999999999995
37,38,1000,2,18.543,11.727,6.815999999999999
37,29,1000,2,18.98,11.696,7.284000000000001
37,84,1000,2,18.337,11.716,6.621
37,61,10000,2,18.7013,11.7137,6.9876000000000005
37,12,10000,2,18.5977,11.7036,6.8941
37,38,10000,2,18.6465,11.7213,6.9252
37,29,10000,2,18.621,11.7015,6.919499999999999
37,84,10000,2,18.7691,11.7111,7.058000000000002
38,61,1000,3,22.921,21.787,1.1340000000000003
38,12,1000,3,23.998,21.842,2.1560000000000024
38,38,1000,3,24.362,21.633,2.728999999999999
38,29,1000,3,23.993,21.837,2.155999999999999
38,84,1000,3,22.661,21.803,0.8580000000000005
38,61,10000,3,23.6934,21.7886,1.9048000000000016
38,12,10000,3,23.5685,21.76,1.8084999999999987
38,38,10000,3,23.7534,21.7479,2.005499999999998
38,29,10000,3,23.8054,21.8203,1.9850999999999992
38,84,10000,3,23.7173,21.7788,1.9385000000000012
39,61,1000,2,20.175,12.494,7.681000000000001
39,12,1000,2,20.596,14.934,5.662000000000001
39,38,1000,2,20.546,14.846,5.699999999999999
39,29,1000,2,20.459,15.252,5.206999999999999
39,84,1000,2,20.35,13.453,6.897000000000002
39,61,10000,2,20.4494,14.2,6.249400000000001
39,12,10000,2,20.463,14.587,5.876000000000001
39,38,10000,2,20.4658,14.7002,5.765600000000001
39,29,10000,2,20.3456,14.2531,6.092500000000001
39,84,10000,2,20.469,14.3119,6.157100000000002
40,61,1000,3,30.562,25.942,4.620000000000001
40,12,1000,3,30.855,25.145,5.710000000000001
40,38,1000,3,30.747,25.947,4.800000000000001
40,29,1000,3,30.813,25.321,5.491999999999997
40,84,1000,3,30.514,27.436,3.0779999999999994
40,61,10000,3,30.6802,25.5534,5.126799999999999
40,12,10000,3,30.623,25.4159,5.2071000000000005
40,38,10000,3,30.7611,25.8407,4.920400000000001
40,29,10000,3,30.6893,25.1732,5.516099999999998
40,84,10000,3,30.6617,25.4562,5.205500000000001
41,61,1000,1,2.979,-12.917,15.896
41,12,1000,1,2.814,-13.488,16.302
41,38,1000,1,2.242,-13.558,15.8
41,29,1000,1,2.719,-13.561,16.28
41,84,1000,1,2.56,-13.97,16.53
41,61,10000,1,2.4979,-13.2773,15.7752
41,12,10000,1,2.4307,-13.7078,16.1385
41,38,10000,1,2.4571,-13.522,15.9791
41,29,10000,1,2.3147,-13.5634,15.8781
41,84,10000,1,2.4358,-13.6306,16.066399999999998
42,61,1000,3,29.099,22.105,6.994
42,12,1000,3,29.116,22.063,7.053000000000001
42,38,1000,3,29.555,22.148,7.407
42,29,1000,3,29.679,22.154,7.524999999999999
42,84,1000,3,29.688,22.163,7.524999999999999
42,61,10000,3,29.3619,22.1319,7.229999999999997
42,12,10000,3,29.2373,22.1194,7.117900000000002
42,38,10000,3,29.4329,22.138,7.294899999999998
42,29,10000,3,29.433,22.1322,7.300799999999999
42,84,10000,3,29.4156,22.1443,7.2713
43,61,1000,1,10.538,8.26,2.2780000000000005
43,12,1000,1,10.422,8.693,1.729000000000001
43,38,1000,1,10.409,7.587,2.822000000000001
43,29,1000,1,10.622,8.693,1.9290000000000003
43,84,1000,1,10.527,8.6,1.9269999999999996
43,61,10000,1,10.5578,8.2481,2.3096999999999994
43,12,10000,1,10.5789,8.3191,2.2598000000000003
43,38,10000,1,10.5206,8.4145,2.1060999999999996
43,29,10000,1,10.4886,8.1412,2.3474000000000004
43,84,10000,1,10.5699,8.1368,2.4331000000000014
44,61,1000,4,40.186,35.532,4.6540000000000035
44,12,1000,4,40.158,34.91,5.248000000000005
44,38,1000,4,40.247,34.721,5.526000000000003
44,29,1000,4,40.095,34.531,5.564
44,84,1000,4,40.308,33.019,7.2890000000000015
44,61,10000,4,40.2587,34.9486,5.3100999999999985
44,12,10000,4,40.3483,35.4254,4.9228999999999985
44,38,10000,4,40.24,34.7875,5.452500000000001
44,29,10000,4,40.2981,34.9579,5.340199999999996
44,84,10000,4,40.2206,35.1009,5.119699999999995
45,61,1000,3,21.696,20.657,1.0390000000000015
45,12,1000,3,23.005,20.708,2.2970000000000006
45,38,1000,3,21.813,20.816,0.9969999999999999
45,29,1000,3,23.181,20.747,2.434000000000001
45,84,1000,3,23.304,20.712,2.5919999999999987
45,61,10000,3,22.4937,20.7721,1.7216000000000022
45,12,10000,3,22.3794,20.7739,1.6054999999999993
45,38,10000,3,22.5176,20.7884,1.7292000000000023
45,29,10000,3,22.7054,20.7293,1.9761000000000024
45,84,10000,3,22.6256,20.7662,1.8593999999999973
46,61,1000,1,9.946,8.579,1.366999999999999
46,12,1000,1,9.813,9.327,0.48600000000000065
46,38,1000,1,10.009,8.581,1.4280000000000008
46,29,1000,1,9.976,9.31,0.6660000000000004
46,84,1000,1,9.792,8.467,1.3249999999999993
46,61,10000,1,10.0536,8.8103,1.2432999999999996
46,12,10000,1,10.0404,8.9497,1.0907
46,38,10000,1,10.0712,9.007,1.0641999999999996
46,29,10000,1,10.0035,9.0638,0.9397000000000002
46,84,10000,1,9.9769,8.9169,1.0600000000000005
47,61,1000,2,19.921,11.779,8.142
47,12,1000,2,19.488,11.775,7.712999999999999
47,38,1000,2,19.42,11.746,7.674000000000001
47,29,1000,2,19.721,11.774,7.947000000000001
47,84,1000,2,19.87,11.806,8.064000000000002
47,61,10000,2,19.9013,11.7827,8.118599999999999
47,12,10000,2,19.7178,11.7708,7.947000000000001
47,38,10000,2,19.7671,11.7811,7.985999999999999
47,29,10000,2,19.7,11.7647,7.9353
47,84,10000,2,19.9102,11.7955,8.1147
48,61,1000,3,25.325,21.3,4.024999999999999
48,12,1000,3,25.709,21.29,4.4190000000000005
48,38,1000,3,25.105,21.316,3.7890000000000015
48,29,1000,3,25.175,21.367,3.808
48,84,1000,3,26.34,21.371,4.969000000000001
48,61,10000,3,25.7742,21.3541,4.4201000000000015
48,12,10000,3,25.1206,21.304,3.816600000000001
48,38,10000,3,25.456,21.3248,4.1312
48,29,10000,3,25.7244,21.3376,4.386800000000001
48,84,10000,3,25.8226,21.3612,4.461400000000001
49,61,1000,1,1.445,-13.4,14.845
49,12,1000,1,1.178,-10.8,11.978000000000002
49,38,1000,1,0.733,-6.4,7.133
49,29,1000,1,1.667,-15.8,17.467000000000002
49,84,1000,1,1.209,-11.2,12.408999999999999
49,61,10000,1,1.026,-9.38,10.406
49,12,10000,1,0.9743,-8.9,9.8743
49,38,10000,1,0.9348,-8.52,9.454799999999999
49,29,10000,1,1.0371,-9.48,10.517100000000001
49,84,10000,1,1.0528,-9.66,10.7128
50,61,1000,2,20.056,11.602,8.454
50,12,1000,2,19.931,11.555,8.376000000000001
50,38,1000,2,20.136,11.565,8.571
50,29,1000,2,20.175,11.604,8.571000000000002
50,84,1000,2,20.329,11.602,8.727
50,61,10000,2,20.1572,11.5877,8.5695
50,12,10000,2,20.1337,11.578,8.555700000000002
50,38,10000,2,20.1684,11.5892,8.579199999999998
50,29,10000,2,20.1508,11.5913,8.5595
50,84,10000,2,20.1964,11.5919,8.6045
51,61,1000,1,10.421,9.652,0.7690000000000001
51,12,1000,1,10.749,10.635,0.11400000000000077
51,38,1000,1,10.639,9.766,0.8729999999999993
51,29,1000,2,10.876,10.697,0.17900000000000027
51,84,1000,2,11.077,10.663,0.4139999999999997
51,61,10000,2,10.7695,10.7187,0.05080000000000062
51,12,10000,2,10.8707,10.7247,0.14599999999999902
51,38,10000,2,10.9468,10.7505,0.19629999999999903
51,29,10000,2,11.1595,10.7326,0.42689999999999984
51,84,10000,2,10.9321,10.7459,0.18619999999999948
52,61,1000,2,13.529,11.018,2.5109999999999992
52,12,1000,2,14.155,11.019,3.1359999999999992
52,38,1000,2,13.96,11.059,2.9010000000000016
52,29,1000,2,14.145,11.029,3.1159999999999997
52,84,1000,2,14.878,11.06,3.8179999999999996
52,61,10000,2,14.0347,11.0037,3.0310000000000006
52,12,10000,2,13.9842,11.038,2.9461999999999993
52,38,10000,2,14.3033,11.0472,3.2561
52,29,10000,2,14.3259,10.9903,3.3356000000000012
52,84,10000,2,14.1518,11.0337,3.1181
53,61,1000,1,10.303,8.941,1.362
53,12,1000,1,10.445,8.65,1.795
53,38,1000,1,10.262,8.452,1.8100000000000005
53,29,1000,1,10.221,7.241,2.9800000000000004
53,84,1000,1,10.27,8.518,1.751999999999999
53,61,10000,1,10.2677,8.7171,1.5505999999999993
53,12,10000,1,10.1962,8.4345,1.7616999999999994
53,38,10000,1,10.2343,8.2337,2.0005999999999986
53,29,10000,1,10.26,8.2861,1.9739000000000004
53,84,10000,1,10.2482,8.6317,1.6165000000000003
54,61,1000,3,30.488,23.163,7.324999999999999
54,12,1000,3,30.345,22.982,7.3629999999999995
54,38,1000,3,30.596,24.238,6.3580000000000005
54,29,1000,3,30.549,23.717,6.832000000000001
54,84,1000,3,30.674,22.616,8.058
54,61,10000,3,30.5734,23.2987,7.274699999999999
54,12,10000,3,30.5943,23.8467,6.747600000000002
54,38,10000,3,30.6465,23.2761,7.3704
54,29,10000,3,30.6063,23.4852,7.121100000000002
54,84,10000,3,30.5035,23.1921,7.311399999999999
55,61,1000,3,28.527,22.064,6.463000000000001
55,12,1000,3,29.246,22.075,7.170999999999999
55,38,1000,3,28.798,22.04,6.757999999999999
55,29,1000,3,28.796,22.097,6.698999999999998
55,84,1000,3,28.581,22.059,6.5219999999999985
55,61,10000,3,28.57,22.048,6.522000000000002
55,12,10000,3,28.77,22.0769,6.693100000000001
55,38,10000,3,28.6861,22.0697,6.616399999999999
55,29,10000,3,28.7493,22.0562,6.693100000000001
55,84,10000,3,28.8876,22.0824,6.805199999999999
56,61,1000,2,18.25,11.628,6.622
56,12,1000,2,18.313,11.612,6.700999999999999
56,38,1000,2,18.298,11.598,6.6999999999999975
56,29,1000,2,18.562,11.686,6.876000000000001
56,84,1000,2,18.04,11.632,6.4079999999999995
56,61,10000,2,18.3987,11.644,6.7547000000000015
56,12,10000,2,18.4213,11.6548,6.766499999999999
56,38,10000,2,18.2133,11.636,6.577300000000001
56,29,10000,2,18.3356,11.6391,6.6965
56,84,10000,2,18.3701,11.6445,6.7256
57,61,1000,2,18.508,11.672,6.8359999999999985
57,12,1000,2,18.872,11.704,7.167999999999999
57,38,1000,2,18.502,11.725,6.776999999999999
57,29,1000,2,18.77,11.72,7.049999999999999
57,84,1000,2,18.541,11.725,6.816000000000001
57,61,10000,2,18.572,11.7149,6.857099999999999
57,12,10000,2,18.6483,11.7033,6.9449999999999985
57,38,10000,2,18.5194,11.711,6.808400000000001
57,29,10000,2,18.6481,11.7052,6.9429
57,84,10000,2,18.7337,11.7185,7.015199999999998
58,61,1000,5,42.428,41.485,0.9429999999999978
58,12,1000,5,42.284,41.44,0.8440000000000012
58,38,1000,5,43.299,41.625,1.6739999999999995
58,29,1000,5,42.207,41.462,0.7449999999999974
58,84,1000,5,43.174,41.599,1.5750000000000028
58,61,10000,5,42.0544,41.48,0.5744000000000042
58,12,10000,5,41.864,41.4598,0.4041999999999959
58,38,10000,5,41.937,41.4235,0.5135000000000005
58,29,10000,5,42.2487,41.4763,0.7723999999999975
58,84,10000,5,42.3321,41.5026,0.8294999999999959
59,61,1000,3,27.315,21.383,5.932000000000002
59,12,1000,3,27.209,21.395,5.814
59,38,1000,3,27.346,21.414,5.931999999999999
59,29,1000,3,27.892,21.429,6.463000000000001
59,84,1000,3,27.89,21.427,6.463000000000001
59,61,10000,3,27.292,21.4032,5.888800000000003
59,12,10000,3,27.3037,21.4012,5.9025
59,38,10000,3,27.2239,21.3861,5.837800000000001
59,29,10000,3,27.381,21.4037,5.9773
59,84,10000,3,27.3006,21.4097,5.8908999999999985
60,61,1000,2,20.842,13.935,6.906999999999998
60,12,1000,2,20.623,13.661,6.9620000000000015
60,38,1000,2,20.561,12.537,8.024
60,29,1000,2,20.658,14.01,6.6480000000000015
60,84,1000,2,20.666,15.611,5.055
60,61,10000,2,20.7062,13.8233,6.882899999999999
60,12,10000,2,20.6641,13.9706,6.693500000000002
60,38,10000,2,20.6388,13.8433,6.7955000000000005
60,29,10000,2,20.6447,13.6819,6.9628
60,84,10000,2,20.6392,14.4263,6.212899999999999
61,61,1000,2,18.946,11.35,7.596000000000002
61,12,1000,2,19.046,11.313,7.732999999999999
61,38,1000,2,19.452,11.349,8.103000000000002
61,29,1000,2,19.216,11.327,7.889000000000001
61,84,1000,2,19.466,11.324,8.142000000000001
61,61,10000,2,19.2555,11.3375,7.918000000000001
61,12,10000,2,19.2558,11.3398,7.916
61,38,10000,2,19.2484,11.3402,7.908200000000001
61,29,10000,2,19.3576,11.3499,8.007700000000002
61,84,10000,2,19.2709,11.3512,7.919700000000001
62,61,1000,2,19.831,14.432,5.398999999999999
62,12,1000,2,20.064,16.471,3.593
62,38,1000,2,19.739,16.997,2.742000000000001
62,29,1000,2,19.918,17.193,2.724999999999998
62,84,1000,2,19.734,17.917,1.8170000000000002
62,61,10000,2,19.8714,16.3189,3.552500000000002
62,12,10000,2,19.8798,16.695,3.184799999999999
62,38,10000,2,19.8836,16.7047,3.1789000000000023
62,29,10000,2,19.8161,16.5655,3.2505999999999986
62,84,10000,2,19.8778,16.9882,2.8896000000000015
63,61,1000,1,10.876,9.034,1.8419999999999987
63,12,1000,1,10.893,10.143,0.75
63,38,1000,1,10.891,8.815,2.0760000000000005
63,29,1000,1,10.898,8.978,1.92
63,84,1000,1,10.886,9.512,1.3739999999999988
63,61,10000,1,10.8859,9.391,1.4948999999999995
63,12,10000,1,10.8736,9.1018,1.771799999999999
63,38,10000,1,10.8827,9.3566,1.5260999999999996
63,29,10000,1,10.8816,9.2073,1.6743000000000006
63,84,10000,1,10.8693,9.0117,1.8576000000000015
64,61,1000,1,10.729,2.57,8.158999999999999
64,12,1000,1,10.722,2.387,8.334999999999999
64,38,1000,1,10.669,2.004,8.665000000000001
64,29,1000,1,10.636,2.752,7.8839999999999995
64,84,1000,1,10.702,3.246,7.4559999999999995
64,61,10000,1,10.7239,3.166,7.5579
64,12,10000,1,10.7266,2.8933,7.8332999999999995
64,38,10000,1,10.71,3.2266,7.483400000000001
64,29,10000,1,10.699,2.9893,7.7097
64,84,10000,1,10.7139,3.1054,7.608500000000001
65,61,1000,1,9.062,-5.128,14.19
65,12,1000,1,9.059,-7.141,16.2
65,38,1000,1,9.097,-6.265,15.361999999999998
65,29,1000,1,9.282,-6.221,15.503
65,84,1000,1,9.157,-6.07,15.227
65,61,10000,1,9.1622,-5.3564,14.5186
65,12,10000,1,9.0872,-5.8765,14.9637
65,38,10000,1,9.1174,-5.7825,14.899899999999999
65,29,10000,1,9.2697,-5.7043,14.974
65,84,10000,1,9.0655,-5.8996,14.9651
66,61,1000,4,35.859,31.792,4.067
66,12,1000,4,36.77,31.695,5.075000000000003
66,38,1000,4,37.819,32.017,5.802
66,29,1000,4,37.195,31.785,5.41
66,84,1000,4,35.552,31.902,3.6499999999999986
66,61,10000,4,37.1253,31.8404,5.284900000000004
66,12,10000,4,37.235,31.7757,5.459299999999999
66,38,10000,4,37.0219,31.822,5.199900000000003
66,29,10000,4,37.1562,31.732,5.424199999999999
66,84,10000,4,37.2374,31.7841,5.453300000000002
67,61,1000,1,8.758,-4.43,13.187999999999999
67,12,1000,1,8.732,-6.016,14.748
67,38,1000,1,8.817,-4.509,13.326
67,29,1000,1,8.935,-5.35,14.285
67,84,1000,1,8.736,-4.978,13.714
67,61,10000,1,8.7859,-5.0563,13.8422
67,12,10000,1,8.853,-5.4162,14.2692
67,38,10000,1,8.751,-4.909,13.66
67,29,10000,1,8.721,-4.9558,13.6768
67,84,10000,1,8.7826,-5.0205,13.8031
68,61,1000,5,50.66,42.155,8.504999999999995
68,12,1000,5,50.429,42.122,8.307000000000002
68,38,1000,5,50.12,42.11,8.009999999999998
68,29,1000,5,49.74,42.126,7.614000000000004
68,84,1000,5,49.806,42.093,7.712999999999994
68,61,10000,5,50.0236,42.1126,7.911000000000001
68,12,10000,5,50.0445,42.1038,7.9407
68,38,10000,5,49.9615,42.0821,7.879400000000004
68,29,10000,5,50.0005,42.1093,7.891200000000005
68,84,10000,5,50.0076,42.1065,7.9011
69,61,1000,2,12.42,11.02,1.4000000000000004
69,12,1000,2,13.687,11.118,2.568999999999999
69,38,1000,2,12.854,10.965,1.8889999999999993
69,29,1000,2,12.306,10.943,1.3629999999999995
69,84,1000,2,13.591,11.061,2.5299999999999994
69,61,10000,2,13.0302,11.0734,1.9568000000000012
69,12,10000,2,12.902,11.054,1.847999999999999
69,38,10000,2,13.3424,11.121,2.221399999999999
69,29,10000,2,13.0486,11.0924,1.9562000000000008
69,84,10000,2,12.808,11.0599,1.748099999999999
70,61,1000,3,27.233,21.535,5.698
70,12,1000,3,26.651,21.583,5.068000000000001
70,38,1000,3,26.817,21.572,5.245000000000001
70,29,1000,3,27.195,21.636,5.559000000000001
70,84,1000,3,27.683,21.572,6.111000000000001
70,61,10000,3,26.9769,21.5423,5.4346
70,12,10000,3,27.2131,21.5863,5.626799999999999
70,38,10000,3,26.8479,21.5772,5.270699999999998
70,29,10000,3,27.189,21.5639,5.6251
70,84,10000,3,27.0899,21.5712,5.518699999999999
71,61,1000,5,47.653,41.364,6.2890000000000015
71,12,1000,5,46.053,41.348,4.704999999999998
71,38,1000,5,46.581,41.301,5.280000000000001
71,29,1000,5,47.551,41.521,6.030000000000001
71,84,1000,5,47.527,41.337,6.189999999999998
71,61,10000,5,47.1747,41.4089,5.765799999999999
71,12,10000,5,47.1229,41.4405,5.682400000000001
71,38,10000,5,47.0553,41.3904,5.664900000000003
71,29,10000,5,47.1408,41.3986,5.742199999999997
71,84,10000,5,47.172,41.4462,5.7258
72,61,1000,2,19.973,19.376,0.5969999999999978
72,12,1000,2,20.075,18.591,1.4839999999999982
72,38,1000,2,19.907,18.052,1.8550000000000004
72,29,1000,2,20.005,18.837,1.1679999999999993
72,84,1000,2,19.792,18.588,1.2040000000000006
72,61,10000,2,19.9497,19.245,0.704699999999999
72,12,10000,2,19.959,19.0101,0.9488999999999983
72,38,10000,2,19.9853,19.0301,0.9551999999999978
72,29,10000,2,20.1526,19.1948,0.9577999999999989
72,84,10000,2,20.0501,19.1687,0.8813999999999993
73,61,1000,2,14.13,11.175,2.955
73,12,1000,2,14.297,11.147,3.1500000000000004
73,38,1000,2,13.641,11.114,2.5269999999999992
73,29,1000,2,13.982,11.183,2.7989999999999995
73,84,1000,2,13.738,11.114,2.6239999999999988
73,61,10000,2,14.1483,11.1697,2.9786
73,12,10000,2,14.2897,11.1668,3.1228999999999996
73,38,10000,2,14.0203,11.1508,2.8695000000000004
73,29,10000,2,14.1206,11.1714,2.9491999999999994
73,84,10000,2,14.3139,11.1735,3.1403999999999996
74,61,1000,2,20.897,16.683,4.213999999999999
74,12,1000,2,20.687,14.804,5.883000000000001
74,38,1000,2,20.748,16.871,3.8770000000000024
74,29,1000,2,20.942,17.042,3.8999999999999986
74,84,1000,2,20.86,16.273,4.587
74,61,10000,2,20.8905,16.6668,4.223700000000001
74,12,10000,2,20.8504,16.0095,4.840900000000001
74,38,10000,2,20.8954,16.7385,4.1569
74,29,10000,2,20.8727,16.2164,4.656299999999998
74,84,10000,2,20.8829,16.7066,4.176299999999998
75,61,1000,3,23.111,21.189,1.9220000000000006
75,12,1000,3,23.932,21.304,2.628
75,38,1000,3,23.462,21.226,2.2360000000000007
75,29,1000,3,23.191,21.231,1.9599999999999973
75,84,1000,3,23.622,21.289,2.3329999999999984
75,61,10000,3,23.4164,21.188,2.2284000000000006
75,12,10000,3,23.711,21.2354,2.4756
75,38,10000,3,23.3956,21.2268,2.168800000000001
75,29,10000,3,23.5262,21.2236,2.302599999999998
75,84,10000,3,23.4233,21.209,2.2143000000000015
76,61,1000,3,24.601,21.579,3.0219999999999985
76,12,1000,3,25.122,21.449,3.6729999999999983
76,38,1000,3,23.953,21.58,2.373000000000001
76,29,1000,3,23.562,21.602,1.9600000000000009
76,84,1000,3,24.462,21.438,3.024000000000001
76,61,10000,3,24.4382,21.5216,2.916599999999999
76,12,10000,3,24.2801,21.4571,2.8230000000000004
76,38,10000,3,24.4436,21.4769,2.9666999999999994
76,29,10000,3,24.4142,21.529,2.885200000000001
76,84,10000,3,24.3869,21.5234,2.863500000000002
77,61,1000,3,30.758,29.32,1.4379999999999988
77,12,1000,3,30.505,27.291,3.2139999999999986
77,38,1000,3,31.185,29.485,1.6999999999999993
77,29,1000,3,30.763,28.456,2.307000000000002
77,84,1000,3,30.749,27.671,3.0779999999999994
77,61,10000,3,30.9556,29.2441,1.711500000000001
77,12,10000,3,30.8519,28.1026,2.7493000000000016
77,38,10000,3,30.8932,28.8328,2.0604000000000013
77,29,10000,3,30.8881,29.1064,1.7817000000000007
77,84,10000,3,30.9411,28.7954,2.145699999999998
78,61,1000,0,40.8,-4.029,44.82899999999999
78,12,1000,0,41.4,-4.103,45.503
78,38,1000,0,44.4,-4.397,48.797
78,29,1000,0,40.2,-3.984,44.184000000000005
78,84,1000,0,42.6,-4.224,46.824
78,61,10000,0,43.74,-4.3379,48.0779
78,12,10000,0,42.04,-4.1668,46.2068
78,38,10000,0,44.32,-4.3945,48.7145
78,29,10000,0,43.66,-4.3294,47.989399999999996
78,84,10000,0,42.8,-4.2423,47.0423
79,61,1000,1,9.974,9.82,0.15399999999999991
79,12,1000,2,10.409,10.337,0.07200000000000095
79,38,1000,1,10.055,9.626,0.42900000000000027
79,29,1000,1,10.273,10.229,0.04400000000000048
79,84,1000,1,9.823,9.36,0.46300000000000097
79,61,10000,1,10.1849,10.0999,0.08500000000000085
79,12,10000,1,10.1706,9.9924,0.17820000000000036
79,38,10000,1,10.0727,9.9806,0.09209999999999852
79,29,10000,2,10.25,10.1628,0.08719999999999928
79,84,10000,1,10.0977,9.9853,0.11239999999999917
80,61,1000,1,10.351,-7.208,17.559
80,12,1000,1,10.329,-7.62,17.949
80,38,1000,1,10.309,-8.537,18.846
80,29,1000,1,10.344,-7.02,17.363999999999997
80,84,1000,1,10.359,-6.381,16.740000000000002
80,61,10000,1,10.3362,-7.4373,17.7735
80,12,10000,1,10.331,-7.6726,18.0036
80,38,10000,1,10.3407,-7.3275,17.6682
80,29,10000,1,10.335,-7.4346,17.7696
80,84,10000,1,10.334,-7.3927,17.7267
81,61,1000,1,10.518,4.176,6.3420000000000005
81,12,1000,1,10.442,3.751,6.691000000000001
81,38,1000,1,10.513,4.386,6.127
81,29,1000,1,10.397,3.239,7.158
81,84,1000,1,10.586,4.418,6.168
81,61,10000,1,10.5398,3.7098,6.83
81,12,10000,1,10.5117,3.7175,6.7942
81,38,10000,1,10.5419,3.8699,6.672000000000001
81,29,10000,1,10.5278,3.6318,6.895999999999999
81,84,10000,1,10.5109,3.9801,6.530799999999999
82,61,1000,1,10.593,0.639,9.954
82,12,1000,1,10.639,2.167,8.472
82,38,1000,1,10.603,1.312,9.291
82,29,1000,1,10.605,1.002,9.603
82,84,1000,1,10.632,1.614,9.017999999999999
82,61,10000,1,10.5974,0.7994,9.798
82,12,10000,1,10.6141,1.3309,9.2832
82,38,10000,1,10.6106,1.0739,9.5367
82,29,10000,1,10.6047,0.9159,9.688799999999999
82,84,10000,1,10.6075,1.0552,9.5523
83,61,1000,3,30.829,23.106,7.722999999999999
83,12,1000,3,30.44,23.472,6.968
83,38,1000,3,30.898,22.581,8.317
83,29,1000,3,30.852,24.393,6.459
83,84,1000,3,30.975,24.475,6.5
83,61,10000,3,30.8387,23.7164,7.122299999999999
83,12,10000,3,30.8841,23.68,7.2041
83,38,10000,3,30.9198,22.9428,7.977
83,29,10000,3,30.9283,23.8225,7.105799999999999
83,84,10000,3,30.9127,23.8189,7.093800000000002
84,61,1000,2,19.057,12.452,6.604999999999999
84,12,1000,2,19.042,13.44,5.602000000000002
84,38,1000,2,18.487,12.973,5.513999999999998
84,29,1000,2,19.221,11.701,7.52
84,84,1000,2,18.884,12.38,6.504
84,61,10000,2,18.8749,11.9695,6.9054
84,12,10000,2,19.0922,12.3897,6.702499999999999
84,38,10000,2,18.9744,11.8805,7.0939
84,29,10000,2,19.0825,12.1206,6.9619
84,84,10000,2,18.9712,12.375,6.5962
85,61,1000,2,17.505,11.352,6.152999999999999
85,12,1000,2,17.428,11.273,6.155000000000001
85,38,1000,2,17.086,11.362,5.723999999999998
85,29,1000,2,17.812,11.366,6.4460000000000015
85,84,1000,2,17.347,11.35,5.997000000000002
85,61,10000,2,17.3316,11.3382,5.993400000000001
85,12,10000,2,17.2772,11.3265,5.950700000000001
85,38,10000,2,17.2821,11.3316,5.9505
85,29,10000,2,17.3347,11.3351,5.999600000000001
85,84,10000,2,17.384,11.3379,6.046100000000001
86,61,1000,1,10.202,1.431,8.771
86,12,1000,1,10.227,1.123,9.104000000000001
86,38,1000,1,10.224,2.213,8.011
86,29,1000,1,10.448,1.163,9.285
86,84,1000,1,10.183,0.065,10.118
86,61,10000,1,10.3142,1.4582,8.856
86,12,10000,1,10.3334,1.4514,8.882
86,38,10000,1,10.3989,2.0325,8.366399999999999
86,29,10000,1,10.2951,1.3966,8.8985
86,84,10000,1,10.3264,1.3762,8.950199999999999
87,61,1000,2,14.453,11.064,3.3889999999999993
87,12,1000,2,14.945,11.049,3.896000000000001
87,38,1000,2,16.117,11.17,4.947000000000001
87,29,1000,2,14.711,11.069,3.6419999999999995
87,84,1000,2,15.168,11.157,4.010999999999999
87,61,10000,2,14.9109,11.1039,3.8070000000000004
87,12,10000,2,15.1164,11.1066,4.0098
87,38,10000,2,15.2804,11.1103,4.1701
87,29,10000,2,14.8692,11.1052,3.7639999999999993
87,84,10000,2,15.2419,11.1368,4.1051
88,61,1000,1,10.601,0.257,10.344000000000001
88,12,1000,1,10.572,-1.137,11.709
88,38,1000,1,10.615,0.388,10.227
88,29,1000,1,10.604,0.338,10.266
88,84,1000,1,10.592,-0.025,10.617
88,61,10000,1,10.5991,-0.1271,10.7262
88,12,10000,1,10.5793,-0.7514,11.3307
88,38,10000,1,10.6066,-0.0923,10.6989
88,29,10000,1,10.5883,-0.3641,10.9524
88,84,10000,1,10.5962,-0.2587,10.854899999999999
89,61,1000,5,46.772,41.949,4.823
89,12,1000,5,45.956,41.685,4.271000000000001
89,38,1000,5,45.883,41.951,3.932000000000002
89,29,1000,5,45.891,42.039,3.8519999999999968
89,84,1000,5,45.586,41.631,3.9549999999999983
89,61,10000,5,45.7832,41.7883,3.9949000000000012
89,12,10000,5,45.7257,41.6184,4.107300000000002
89,38,10000,5,45.8163,41.7837,4.032599999999995
89,29,10000,5,45.8757,41.7677,4.108000000000004
89,84,10000,5,46.0422,41.7838,4.258400000000002
90,61,1000,1,7.65,-6.388,14.038
90,12,1000,1,7.539,-8.155,15.693999999999999
90,38,1000,1,7.191,-8.748,15.939
90,29,1000,1,7.593,-8.063,15.656
90,84,1000,1,7.488,-6.702,14.190000000000001
90,61,10000,1,7.5521,-7.3302,14.8823
90,12,10000,1,7.6458,-7.6234,15.269200000000001
90,38,10000,1,7.5432,-7.4854,15.0286
90,29,10000,1,7.6477,-7.3736,15.0213
90,84,10000,1,7.6919,-7.3968,15.0887
91,61,1000,0,20.8,-2.022,22.822
91,12,1000,0,26.0,-2.562,28.562
91,38,1000,0,20.8,-2.037,22.837
91,29,1000,0,27.8,-2.737,30.537
91,84,1000,0,22.0,-2.16,24.16
91,61,10000,0,23.68,-2.3224,26.0024
91,12,10000,0,24.78,-2.4329,27.2129
91,38,10000,0,24.42,-2.3948,26.8148
91,29,10000,0,24.62,-2.4184,27.038400000000003
91,84,10000,0,24.52,-2.4089,26.9289
92,61,1000,3,29.306,22.135,7.170999999999999
92,12,1000,3,29.804,22.081,7.722999999999999
92,38,1000,3,29.735,22.618,7.117000000000001
92,29,1000,3,29.953,22.152,7.800999999999998
92,84,1000,3,29.988,22.473,7.515000000000001
92,61,10000,3,29.6627,22.1329,7.529800000000002
92,12,10000,3,29.7833,22.1791,7.604200000000002
92,38,10000,3,29.6356,22.1412,7.494399999999999
92,29,10000,3,29.5158,22.1135,7.4023
92,84,10000,3,29.5937,22.1465,7.447199999999999
93,61,1000,1,8.7,-6.827,15.527
93,12,1000,1,8.492,-6.562,15.054000000000002
93,38,1000,1,8.596,-7.416,16.012
93,29,1000,1,8.763,-6.453,15.216000000000001
93,84,1000,1,8.353,-8.122,16.475
93,61,10000,1,8.5933,-6.5604,15.153699999999999
93,12,10000,1,8.5624,-6.5301,15.092500000000001
93,38,10000,1,8.5455,-6.4646,15.010100000000001
93,29,10000,1,8.5862,-6.6864,15.2726
93,84,10000,1,8.4731,-6.7443,15.217400000000001
94,61,1000,0,45.2,-4.426,49.626000000000005
94,12,1000,0,41.2,-4.041,45.241
94,38,1000,0,42.2,-4.148,46.348
94,29,1000,0,46.2,-4.529,50.729
94,84,1000,0,39.2,-3.828,43.028000000000006
94,61,10000,0,42.22,-4.1309,46.350899999999996
94,12,10000,0,43.64,-4.2792,47.919200000000004
94,38,10000,0,42.42,-4.1591,46.579100000000004
94,29,10000,0,43.42,-4.255,47.675000000000004
94,84,10000,0,41.78,-4.0878,45.8678
95,61,1000,2,20.688,20.513,0.17499999999999716
95,12,1000,3,21.865,20.902,0.9629999999999974
95,38,1000,3,21.242,20.669,0.5730000000000004
95,29,1000,3,21.779,20.795,0.9839999999999982
95,84,1000,3,22.613,20.603,2.009999999999998
95,61,10000,3,20.741,20.6436,0.09740000000000038
95,12,10000,3,20.8447,20.755,0.08970000000000056
95,38,10000,3,20.929,20.6687,0.2602999999999973
95,29,10000,2,20.6433,20.6423,0.0010000000000012221
95,84,10000,3,21.0867,20.589,0.4977000000000018
96,61,1000,2,17.084,11.906,5.177999999999999
96,12,1000,2,17.519,11.873,5.645999999999999
96,38,1000,2,18.081,11.967,6.113999999999999
96,29,1000,2,17.663,11.9,5.763
96,84,1000,2,17.921,11.963,5.958
96,61,10000,2,17.5634,11.9094,5.654000000000002
96,12,10000,2,17.728,11.9044,5.823600000000001
96,38,10000,2,17.7847,11.9105,5.8742
96,29,10000,2,17.5256,11.8831,5.6425
96,84,10000,2,17.8432,11.9142,5.929
97,61,1000,3,30.02,26.752,3.2680000000000007
97,12,1000,3,30.458,24.893,5.564999999999998
97,38,1000,3,30.224,25.452,4.7719999999999985
97,29,1000,3,30.27,26.386,3.8840000000000003
97,84,1000,3,30.176,25.325,4.850999999999999
97,61,10000,3,30.1282,25.3871,4.741099999999999
97,12,10000,3,30.2211,25.1508,5.0703
97,38,10000,3,30.2479,25.5881,4.659800000000001
97,29,10000,3,30.3896,25.7558,4.633800000000001
97,84,10000,3,30.216,25.1754,5.040600000000001
98,61,1000,3,30.515,29.63,0.8850000000000016
98,12,1000,3,30.233,29.174,1.059000000000001
98,38,1000,3,30.539,29.812,0.7270000000000003
98,29,1000,3,30.745,29.541,1.2040000000000006
98,84,1000,4,30.609,30.306,0.3030000000000008
98,61,10000,3,30.4883,29.5407,0.9475999999999978
98,12,10000,3,30.4874,29.4766,1.0107999999999997
98,38,10000,3,30.6475,29.5537,1.0938000000000017
98,29,10000,3,30.4567,29.4876,0.969100000000001
98,84,10000,3,30.5606,29.7505,0.810100000000002
99,61,1000,3,29.338,21.518,7.82
99,12,1000,3,29.232,21.49,7.742000000000001
99,38,1000,3,29.621,21.565,8.055999999999997
99,29,1000,3,29.57,21.533,8.036999999999999
99,84,1000,3,29.108,21.484,7.623999999999999
99,61,10000,3,29.3829,21.5431,7.8398
99,12,10000,3,29.4636,21.5332,7.930399999999999
99,38,10000,3,29.4948,21.529,7.9658000000000015
99,29,10000,3,29.4135,21.5143,7.8992
99,84,10000,3,29.4538,21.5333,7.9205000000000005
100,61,1000,1,10.746,6.41,4.336
100,12,1000,1,10.765,6.624,4.141000000000001
100,38,1000,1,10.652,6.24,4.411999999999999
100,29,1000,1,10.762,7.928,2.8340000000000005
100,84,1000,1,10.686,5.766,4.92
100,61,10000,1,10.7346,6.274,4.4606
100,12,10000,1,10.6778,5.8322,4.845599999999999
100,38,10000,1,10.7243,6.508,4.2162999999999995
100,29,10000,1,10.7138,6.3375,4.3763000000000005
100,84,10000,1,10.7261,6.1078,4.6183000000000005
101,61,1000,4,31.094,31.078,0.01600000000000179
101,12,1000,4,31.89,30.904,0.9860000000000007
101,38,1000,3,31.119,30.127,0.9920000000000009
101,29,1000,4,31.097,31.021,0.07600000000000051
101,84,1000,4,31.828,31.161,0.666999999999998
101,61,10000,4,31.1848,31.1059,0.07890000000000086
101,12,10000,3,31.0399,30.7443,0.2956000000000003
101,38,10000,3,31.0768,30.6899,0.38689999999999714
101,29,10000,3,31.1085,31.1065,0.0019999999999988916
101,84,10000,3,31.1579,30.6791,0.4788000000000032
102,61,1000,1,8.071,-1.119,9.19
102,12,1000,1,8.36,-1.11,9.469999999999999
102,38,1000,1,8.35,-1.139,9.488999999999999
102,29,1000,1,8.097,-0.801,8.898
102,84,1000,1,8.297,-0.391,8.688
102,61,10000,1,8.2516,-0.8761,9.127699999999999
102,12,10000,1,8.305,-0.4514,8.7564
102,38,10000,1,8.4313,-0.4432,8.8745
102,29,10000,1,8.3361,-0.9069,9.243
102,84,10000,1,8.2094,-0.7163,8.9257
103,61,1000,1,3.695,-16.317,20.012
103,12,1000,1,3.613,-16.475,20.088
103,38,1000,1,3.826,-15.955,19.781
103,29,1000,1,3.271,-16.516,19.787
103,84,1000,1,3.6,-16.117,19.717000000000002
103,61,10000,1,3.7198,-16.3766,20.0964
103,12,10000,1,3.8281,-16.1051,19.9332
103,38,10000,1,3.6832,-16.2855,19.9687
103,29,10000,1,3.6451,-16.4066,20.0517
103,84,10000,1,3.7767,-16.0967,19.873399999999997
104,61,1000,2,13.014,11.034,1.9799999999999986
104,12,1000,2,13.117,10.94,2.1770000000000014
104,38,1000,2,14.17,11.059,3.1110000000000007
104,29,1000,2,13.884,11.046,2.838000000000001
104,84,1000,2,13.627,11.062,2.5650000000000013
104,61,10000,2,13.3546,11.0271,2.327499999999999
104,12,10000,2,13.6426,11.0245,2.6181
104,38,10000,2,13.6437,11.0256,2.6181
104,29,10000,2,13.4781,11.0317,2.446399999999999
104,84,10000,2,13.3611,11.0059,2.3552
105,61,1000,1,9.843,4.203,5.64
105,12,1000,1,9.597,2.792,6.805
105,38,1000,1,9.856,3.201,6.654999999999999
105,29,1000,1,9.582,2.621,6.961
105,84,1000,1,9.715,2.946,6.769
105,61,10000,1,9.7429,3.4515,6.291400000000001
105,12,10000,1,9.7441,3.2789,6.465199999999999
105,38,10000,1,9.7535,3.5382,6.215300000000001
105,29,10000,1,9.7069,3.6095,6.097399999999999
105,84,10000,1,9.7935,3.5575,6.236
106,61,1000,3,28.995,21.411,7.584
106,12,1000,3,28.983,21.359,7.623999999999999
106,38,1000,3,28.803,21.396,7.407
106,29,1000,3,28.683,21.354,7.329000000000001
106,84,1000,3,29.038,21.395,7.643000000000001
106,61,10000,3,28.9517,21.3694,7.5823
106,12,10000,3,28.9429,21.3745,7.5684000000000005
106,38,10000,3,28.8201,21.3914,7.428699999999999
106,29,10000,3,28.8071,21.3803,7.4268
106,84,10000,3,28.882,21.3844,7.497600000000002
107,61,1000,2,18.833,11.12,7.712999999999999
107,12,1000,2,18.388,11.104,7.2840000000000025
107,38,1000,2,18.429,11.106,7.322999999999999
107,29,1000,2,18.537,11.097,7.4399999999999995
107,84,1000,2,18.217,11.089,7.127999999999998
107,61,10000,2,18.3736,11.1013,7.2722999999999995
107,12,10000,2,18.3952,11.1034,7.2917999999999985
107,38,10000,2,18.2913,11.1087,7.182599999999999
107,29,10000,2,18.322,11.1043,7.217699999999999
107,84,10000,2,18.3428,11.1017,7.241100000000001
108,61,1000,3,26.787,21.268,5.518999999999998
108,12,1000,3,26.027,21.136,4.891000000000002
108,38,1000,3,27.029,21.274,5.754999999999999
108,29,1000,3,26.261,21.174,5.087
108,84,1000,3,27.463,21.295,6.167999999999999
108,61,10000,3,26.9942,21.2409,5.753299999999999
108,12,10000,3,27.0793,21.2118,5.8675
108,38,10000,3,26.7298,21.2083,5.5215
108,29,10000,3,26.8261,21.2222,5.603899999999999
108,84,10000,3,26.858,21.2385,5.619500000000002
109,61,1000,3,29.264,25.951,3.312999999999999
109,12,1000,3,29.992,24.872,5.120000000000001
109,38,1000,3,29.27,23.072,6.198
109,29,1000,3,30.151,24.99,5.161000000000001
109,84,1000,3,29.917,26.418,3.4990000000000023
109,61,10000,3,29.9216,25.808,4.113600000000002
109,12,10000,3,29.8679,25.2136,4.654299999999999
109,38,10000,3,29.9004,25.8544,4.046000000000003
109,29,10000,3,29.9384,25.5619,4.3765
109,84,10000,3,29.8143,25.4058,4.4085
110,61,1000,1,7.898,-4.606,12.504
110,12,1000,1,8.206,-4.052,12.258
110,38,1000,1,8.061,-4.408,12.469000000000001
110,29,1000,1,7.815,-5.331,13.146
110,84,1000,1,7.942,-3.607,11.549
110,61,10000,1,8.1666,-4.4943,12.660900000000002
110,12,10000,1,8.1445,-4.3851,12.529600000000002
110,38,10000,1,8.138,-4.1396,12.2776
110,29,10000,1,8.0929,-4.5213,12.6142
110,84,10000,1,8.192,-4.1748,12.366800000000001
111,61,1000,3,23.187,20.842,2.3450000000000024
111,12,1000,3,24.202,20.974,3.2280000000000015
111,38,1000,3,24.743,21.045,3.697999999999997
111,29,1000,3,23.956,21.145,2.811
111,84,1000,3,24.009,21.158,2.850999999999999
111,61,10000,3,24.1162,21.1209,2.9953000000000003
111,12,10000,3,24.3747,21.1158,3.2589000000000006
111,38,10000,3,24.238,21.0529,3.1850999999999985
111,29,10000,3,24.2655,21.0827,3.1828000000000003
111,84,10000,3,24.5988,21.1437,3.4551000000000016
112,61,1000,1,8.714,0.544,8.17
112,12,1000,1,8.785,1.999,6.786
112,38,1000,1,8.457,1.484,6.973000000000001
112,29,1000,1,8.786,1.883,6.903
112,84,1000,1,8.866,0.829,8.036999999999999
112,61,10000,1,8.7631,1.6988,7.064299999999999
112,12,10000,1,8.646,1.522,7.1240000000000006
112,38,10000,1,8.6037,1.5196,7.084099999999999
112,29,10000,1,8.7752,1.6169,7.1583
112,84,10000,1,8.7446,1.9989,6.7457
113,61,1000,3,29.242,21.894,7.3480000000000025
113,12,1000,3,29.695,21.875,7.82
113,38,1000,3,29.234,21.886,7.3480000000000025
113,29,1000,3,29.884,21.887,7.997
113,84,1000,3,29.544,21.901,7.643000000000001
113,61,10000,3,29.3729,21.8793,7.493600000000001
113,12,10000,3,29.3264,21.8741,7.452300000000001
113,38,10000,3,29.2878,21.8669,7.4209
113,29,10000,3,29.4785,21.8846,7.593900000000001
113,84,10000,3,29.3873,21.8602,7.527100000000001
114,61,1000,3,29.384,23.474,5.91
114,12,1000,3,29.167,22.015,7.152000000000001
114,38,1000,3,28.512,22.652,5.859999999999999
114,29,1000,3,28.601,21.9,6.7010000000000005
114,84,1000,3,29.478,23.606,5.872
114,61,10000,3,29.2463,23.4702,5.776100000000003
114,12,10000,3,29.1122,23.0829,6.029300000000003
114,38,10000,3,29.108,23.936,5.172000000000001
114,29,10000,3,29.0307,23.0993,5.9314
114,84,10000,3,29.212,23.1913,6.0207000000000015
115,61,1000,4,36.54,31.765,4.774999999999999
115,12,1000,4,35.645,31.799,3.8460000000000036
115,38,1000,4,37.129,31.842,5.286999999999999
115,29,1000,4,36.953,31.704,5.249000000000002
115,84,1000,4,38.023,31.826,6.197000000000003
115,61,10000,4,36.9038,31.7319,5.171899999999997
115,12,10000,4,37.0219,31.7713,5.250600000000002
115,38,10000,4,36.7709,31.7693,5.001599999999996
115,29,10000,4,36.7309,31.7609,4.969999999999999
115,84,10000,4,36.8994,31.7351,5.164300000000001
116,61,1000,2,20.663,19.603,1.0599999999999987
116,12,1000,2,20.615,19.439,1.1759999999999984
116,38,1000,2,20.577,19.932,0.6450000000000031
116,29,1000,2,20.646,20.551,0.09500000000000242
116,84,1000,2,20.457,19.736,0.7210000000000001
116,61,10000,2,20.6081,19.7208,0.8872999999999998
116,12,10000,2,20.6236,19.9055,0.7180999999999997
116,38,10000,2,20.498,19.7309,0.7671000000000028
116,29,10000,2,20.4368,19.7807,0.6561000000000021
116,84,10000,2,20.5497,19.7384,0.8113000000000028
117,61,1000,4,37.37,32.083,5.286999999999999
117,12,1000,4,36.512,32.015,4.497
117,38,1000,4,36.123,32.1,4.022999999999996
117,29,1000,4,36.681,32.105,4.5760000000000005
117,84,1000,4,36.813,32.079,4.734000000000002
117,61,10000,4,36.6204,32.076,4.544399999999996
117,12,10000,4,36.4176,32.0568,4.360799999999998
117,38,10000,4,36.401,32.0778,4.3232
117,29,10000,4,36.361,32.0653,4.2956999999999965
117,84,10000,4,36.8833,32.094,4.789299999999997
118,61,1000,3,24.251,21.248,3.003
118,12,1000,3,25.629,21.269,4.360000000000003
118,38,1000,3,25.059,21.329,3.7300000000000004
118,29,1000,3,25.012,21.261,3.7510000000000012
118,84,1000,3,25.257,21.35,3.907
118,61,10000,3,25.3725,21.2957,4.076799999999999
118,12,10000,3,25.2695,21.305,3.964500000000001
118,38,10000,3,25.1994,21.3097,3.8897000000000013
118,29,10000,3,24.9139,21.2895,3.6244000000000014
118,84,10000,3,25.0523,21.3021,3.7501999999999995
119,61,1000,3,24.074,21.343,2.7310000000000016
119,12,1000,3,23.147,21.381,1.7659999999999982
119,38,1000,3,24.831,21.333,3.498000000000001
119,29,1000,3,25.103,21.329,3.774000000000001
119,84,1000,3,25.381,21.472,3.908999999999999
119,61,10000,3,24.201,21.3206,2.8804000000000016
119,12,10000,3,23.8158,21.345,2.4708000000000006
119,38,10000,3,24.0381,21.3471,2.690999999999999
119,29,10000,3,24.324,21.3414,2.9826000000000015
119,84,10000,3,24.2351,21.3711,2.8640000000000008
120,61,1000,4,39.15,31.809,7.3409999999999975
120,12,1000,4,37.569,31.808,5.761000000000003
120,38,1000,4,39.171,31.83,7.341000000000001
120,29,1000,4,39.161,31.82,7.341000000000001
120,84,1000,4,38.185,31.732,6.453000000000003
120,61,10000,4,38.7202,31.7938,6.9263999999999974
120,12,10000,4,38.6364,31.7811,6.855300000000003
120,38,10000,4,38.6832,31.7865,6.896699999999999
120,29,10000,4,38.7746,31.8049,6.9697
120,84,10000,4,38.714,31.8015,6.912499999999998
121,61,1000,3,30.557,24.297,6.259999999999998
121,12,1000,3,30.373,24.609,5.763999999999999
121,38,1000,3,30.724,23.731,6.9929999999999986
121,29,1000,3,30.773,26.071,4.701999999999998
121,84,1000,3,30.115,24.275,5.84
121,61,10000,3,30.4059,24.0469,6.358999999999998
121,12,10000,3,30.3596,24.0524,6.307200000000002
121,38,10000,3,30.3433,23.7577,6.5855999999999995
121,29,10000,3,30.4797,23.9577,6.522000000000002
121,84,10000,3,30.3397,24.2619,6.0778
122,61,1000,3,21.895,21.311,0.5839999999999996
122,12,1000,2,20.99,19.907,1.0829999999999984
122,38,1000,2,21.044,20.667,0.3769999999999989
122,29,1000,2,21.302,20.843,0.45899999999999963
122,84,1000,2,21.077,19.756,1.3210000000000015
122,61,10000,2,21.2271,20.4132,0.8139000000000003
122,12,10000,2,21.2019,20.2289,0.972999999999999
122,38,10000,2,21.2055,20.2639,0.9416000000000011
122,29,10000,2,21.2097,20.2209,0.9888000000000012
122,84,10000,2,21.2089,20.2517,0.9572000000000003
123,61,1000,3,31.109,29.602,1.5070000000000014
123,12,1000,3,31.065,27.267,3.798000000000002
123,38,1000,3,31.082,27.679,3.4030000000000022
123,29,1000,3,31.013,27.67,3.343
123,84,1000,3,31.018,27.833,3.1850000000000023
123,61,10000,3,31.0588,28.3118,2.747
123,12,10000,3,31.0431,27.6385,3.4045999999999985
123,38,10000,3,31.0367,27.7724,3.2642999999999986
123,29,10000,3,31.0387,27.6085,3.4301999999999992
123,84,10000,3,31.046,27.515,3.530999999999999
124,61,1000,2,20.312,11.546,8.766000000000002
124,12,1000,2,20.408,11.564,8.844000000000001
124,38,1000,2,20.166,11.517,8.649000000000001
124,29,1000,2,20.134,11.524,8.610000000000001
124,84,1000,2,20.173,11.524,8.649
124,61,10000,2,20.2779,11.5392,8.7387
124,12,10000,2,20.3059,11.5477,8.7582
124,38,10000,2,20.2655,11.5424,8.723099999999999
124,29,10000,2,20.2857,11.5392,8.7465
124,84,10000,2,20.2879,11.5414,8.746500000000001
125,61,1000,2,16.502,11.577,4.924999999999999
125,12,1000,2,16.679,11.577,5.1019999999999985
125,38,1000,2,15.977,11.519,4.458
125,29,1000,2,16.199,11.466,4.733000000000002
125,84,1000,2,15.587,11.499,4.087999999999999
125,61,10000,2,16.4705,11.5326,4.937900000000001
125,12,10000,2,16.3623,11.5299,4.832400000000002
125,38,10000,2,16.6233,11.5471,5.0762
125,29,10000,2,16.3212,11.5276,4.793600000000001
125,84,10000,2,16.3978,11.5101,4.887700000000001
126,61,1000,3,30.724,22.196,8.527999999999999
126,12,1000,3,30.663,22.076,8.587
126,38,1000,3,30.749,22.103,8.645999999999997
126,29,1000,3,30.74,22.035,8.704999999999998
126,84,1000,3,30.696,22.109,8.587
126,61,10000,3,30.7449,22.1225,8.622400000000003
126,12,10000,3,30.7629,22.0815,8.6814
126,38,10000,3,30.6633,22.1058,8.557500000000001
126,29,10000,3,30.6096,22.0875,8.522100000000002
126,84,10000,3,30.7271,22.1106,8.616499999999998
127,61,1000,3,24.615,21.574,3.040999999999997
127,12,1000,3,24.77,21.552,3.218
127,38,1000,3,25.694,21.591,4.102999999999998
127,29,1000,3,25.294,21.604,3.6900000000000013
127,84,1000,3,24.308,21.562,2.7459999999999987
127,61,10000,3,24.8791,21.6139,3.2652
127,12,10000,3,24.8709,21.5939,3.2769999999999975
127,38,10000,3,24.9844,21.6071,3.3773000000000017
127,29,10000,3,25.1115,21.6103,3.5012000000000008
127,84,10000,3,25.058,21.6158,3.4421999999999997
128,61,1000,2,12.639,10.651,1.9879999999999995
128,12,1000,2,12.743,10.718,2.0250000000000004
128,38,1000,2,13.115,10.739,2.3759999999999994
128,29,1000,2,12.512,10.601,1.9109999999999996
128,84,1000,2,13.6,10.756,2.8439999999999994
128,61,10000,2,12.9481,10.738,2.2101000000000006
128,12,10000,2,13.0045,10.6978,2.3066999999999993
128,38,10000,2,12.8607,10.7142,2.1464999999999996
128,29,10000,2,12.9032,10.7299,2.1732999999999993
128,84,10000,2,13.166,10.7272,2.4388000000000005
129,61,1000,1,10.682,1.313,9.369
129,12,1000,1,10.663,1.177,9.486
129,38,1000,1,10.654,0.7,9.954
129,29,1000,1,10.693,2.221,8.472
129,84,1000,1,10.696,1.951,8.745
129,61,10000,1,10.6736,1.3319,9.3417
129,12,10000,1,10.6576,0.8323,9.8253
129,38,10000,1,10.6847,1.6316,9.053099999999999
129,29,10000,1,10.6876,1.8022,8.8854
129,84,10000,1,10.6931,1.6361,9.056999999999999
130,61,1000,2,20.06,11.606,8.453999999999999
130,12,1000,2,19.713,11.571,8.142000000000001
130,38,1000,2,19.832,11.573,8.259
130,29,1000,2,19.744,11.563,8.181
130,84,1000,2,20.065,11.572,8.493000000000002
130,61,10000,2,19.8774,11.5735,8.303900000000002
130,12,10000,2,19.8954,11.5701,8.325299999999999
130,38,10000,2,19.8918,11.5938,8.298
130,29,10000,2,19.8907,11.581,8.3097
130,84,10000,2,19.8355,11.5725,8.263
131,61,1000,3,30.255,22.081,8.174
131,12,1000,3,30.191,22.076,8.114999999999998
131,38,1000,3,29.846,22.026,7.82
131,29,1000,3,30.354,22.062,8.291999999999998
131,84,1000,3,30.193,22.019,8.174000000000003
131,61,10000,3,30.0958,22.087,8.0088
131,12,10000,3,29.9343,22.0532,7.8811
131,38,10000,3,30.0382,22.053,7.985199999999999
131,29,10000,3,30.142,22.0683,8.073699999999999
131,84,10000,3,30.075,22.0721,8.0029
132,61,1000,4,37.292,32.005,5.286999999999999
132,12,1000,4,37.24,31.953,5.287000000000003
132,38,1000,4,37.853,32.013,5.840000000000003
132,29,1000,4,37.371,32.005,5.366
132,84,1000,4,37.277,31.99,5.287000000000003
132,61,10000,4,37.8176,31.9893,5.828299999999999
132,12,10000,4,37.5105,31.9625,5.548000000000002
132,38,10000,4,37.6191,31.9883,5.630800000000004
132,29,10000,4,37.4892,31.9848,5.504399999999997
132,84,10000,4,37.7646,31.9976,5.767000000000003
133,61,1000,1,10.162,3.735,6.427000000000001
133,12,1000,1,10.149,4.054,6.094999999999999
133,38,1000,1,10.158,3.418,6.739999999999999
133,29,1000,1,10.196,3.904,6.292
133,84,1000,1,10.326,3.212,7.114000000000001
133,61,10000,1,10.1845,3.0872,7.0973
133,12,10000,1,10.2225,3.7272,6.4953
133,38,10000,1,10.2215,3.8805,6.341000000000001
133,29,10000,1,10.2381,3.6351,6.603
133,84,10000,1,10.1929,3.2636,6.9293
134,61,1000,3,26.497,21.223,5.274000000000001
134,12,1000,3,26.125,21.445,4.68
134,38,1000,3,26.485,21.43,5.055
134,29,1000,3,26.193,21.494,4.699000000000002
134,84,1000,3,26.026,21.544,4.481999999999999
134,61,10000,3,26.6677,21.3742,5.293500000000002
134,12,10000,3,26.5005,21.4383,5.062199999999997
134,38,10000,3,26.7525,21.5103,5.2422
134,29,10000,3,26.3104,21.4968,4.813600000000001
134,84,10000,3,26.6573,21.4695,5.187799999999999
135,61,1000,0,69.2,-6.905,76.105
135,12,1000,0,67.2,-6.697,73.897
135,38,1000,0,72.0,-7.179,79.179
135,29,1000,0,72.8,-7.264,80.064
135,84,1000,0,68.6,-6.841,75.44099999999999
135,61,10000,0,70.32,-7.012,77.332
135,12,10000,0,68.92,-6.869,75.789
135,38,10000,0,69.4,-6.9187,76.3187
135,29,10000,0,70.9,-7.0716,77.97160000000001
135,84,10000,0,69.68,-6.9471,76.62710000000001
136,61,1000,1,10.62,3.421,7.199
136,12,1000,1,10.617,3.554,7.063000000000001
136,38,1000,1,10.645,4.577,6.068
136,29,1000,1,10.641,3.598,7.043
136,84,1000,1,10.553,1.599,8.954
136,61,10000,1,10.5915,3.5414,7.0501000000000005
136,12,10000,1,10.6226,3.1931,7.429500000000001
136,38,10000,1,10.637,3.5234,7.1136
136,29,10000,1,10.6155,2.837,7.778500000000001
136,84,10000,1,10.6186,3.269,7.349600000000001
137,61,1000,6,55.229,51.522,3.7070000000000007
137,12,1000,6,54.296,51.541,2.7550000000000026
137,38,1000,6,53.802,51.423,2.378999999999998
137,29,1000,6,52.688,51.18,1.5080000000000027
137,84,1000,6,53.186,51.402,1.783999999999999
137,61,10000,6,54.0598,51.449,2.6108000000000047
137,12,10000,6,54.0259,51.3989,2.6270000000000024
137,38,10000,6,53.4697,51.3201,2.1496000000000066
137,29,10000,6,53.7993,51.3084,2.4909000000000034
137,84,10000,6,54.1966,51.363,2.833599999999997
138,61,1000,5,50.508,46.228,4.280000000000001
138,12,1000,5,50.957,46.653,4.304000000000002
138,38,1000,5,50.687,45.374,5.312999999999995
138,29,1000,5,51.006,45.155,5.850999999999999
138,84,1000,5,50.354,44.984,5.369999999999997
138,61,10000,5,50.8927,46.405,4.487699999999997
138,12,10000,5,50.7279,46.2555,4.4724
138,38,10000,5,50.9201,46.5057,4.4144000000000005
138,29,10000,5,50.8703,46.5178,4.352499999999999
138,84,10000,5,50.8393,45.9118,4.927500000000002
139,61,1000,3,24.797,21.164,3.632999999999999
139,12,1000,3,25.218,21.292,3.9259999999999984
139,38,1000,3,24.929,21.199,3.729999999999997
139,29,1000,3,24.99,21.22,3.7699999999999996
139,84,1000,3,23.328,21.151,2.1769999999999996
139,61,10000,3,24.477,21.2188,3.2581999999999987
139,12,10000,3,24.4854,21.1956,3.2897999999999996
139,38,10000,3,24.7662,21.2467,3.5195000000000007
139,29,10000,3,24.7417,21.2439,3.4978000000000016
139,84,10000,3,24.3444,21.2299,3.1144999999999996
140,61,1000,1,9.976,-8.217,18.193
140,12,1000,1,10.135,-7.808,17.942999999999998
140,38,1000,1,9.9,-8.369,18.269
140,29,1000,1,10.066,-7.778,17.844
140,84,1000,1,10.041,-8.056,18.097
140,61,10000,1,10.0521,-7.4381,17.4902
140,12,10000,1,10.0411,-7.9211,17.9622
140,38,10000,1,10.0308,-7.7633,17.7941
140,29,10000,1,10.0866,-7.582,17.6686
140,84,10000,1,10.1006,-7.4474,17.548000000000002
141,61,1000,2,19.078,13.065,6.013
141,12,1000,2,19.047,12.248,6.799000000000001
141,38,1000,2,18.917,11.886,7.031000000000002
141,29,1000,2,19.495,11.957,7.538
141,84,1000,2,19.451,12.724,6.727
141,61,10000,2,19.0954,11.9359,7.159500000000001
141,12,10000,2,19.245,12.0492,7.1958
141,38,10000,2,19.0733,11.951,7.122299999999999
141,29,10000,2,19.3368,12.0591,7.277699999999999
141,84,10000,2,18.9783,11.9162,7.062100000000001
142,61,1000,1,10.798,7.008,3.79
142,12,1000,1,10.79,6.2,4.589999999999999
142,38,1000,1,10.815,6.283,4.531999999999999
142,29,1000,1,10.867,6.393,4.474000000000001
142,84,1000,1,10.732,5.987,4.744999999999999
142,61,10000,1,10.7631,6.0801,4.683
142,12,10000,1,10.7751,6.1368,4.6383
142,38,10000,1,10.7909,6.0916,4.699300000000001
142,29,10000,1,10.7505,5.7499,5.0006
142,84,10000,1,10.7985,6.1069,4.6916
143,61,1000,3,29.526,21.98,7.545999999999999
143,12,1000,3,29.572,22.455,7.117000000000001
143,38,1000,3,29.549,21.984,7.564999999999998
143,29,1000,3,29.368,21.9,7.468
143,84,1000,3,29.078,21.825,7.253
143,61,10000,3,29.3859,21.9817,7.4041999999999994
143,12,10000,3,29.4716,22.5337,6.937899999999999
143,38,10000,3,29.5217,22.4568,7.064899999999998
143,29,10000,3,29.6179,22.0955,7.5223999999999975
143,84,10000,3,29.5431,22.4779,7.065199999999997
144,61,1000,2,19.393,11.251,8.142000000000001
144,12,1000,2,19.726,11.233,8.492999999999999
144,38,1000,2,19.342,11.239,8.102999999999998
144,29,1000,2,19.242,11.217,8.025
144,84,1000,2,19.47,11.25,8.219999999999999
144,61,10000,2,19.4815,11.2342,8.247300000000001
144,12,10000,2,19.4485,11.2363,8.2122
144,38,10000,2,19.413,11.2398,8.1732
144,29,10000,2,19.5024,11.2395,8.262900000000002
144,84,10000,2,19.4869,11.2396,8.2473
145,61,1000,1,1.365,-12.6,13.965
145,12,1000,1,1.176,-10.8,11.976
145,38,1000,1,1.318,-12.0,13.318
145,29,1000,1,0.962,-8.4,9.362
145,84,1000,1,1.68,-15.8,17.48
145,61,10000,1,1.1813,-10.8,11.981300000000001
145,12,10000,1,1.0696,-9.66,10.7296
145,38,10000,1,1.2923,-11.84,13.1323
145,29,10000,1,1.2021,-10.94,12.1421
145,84,10000,1,1.3775,-12.72,14.0975
146,61,1000,4,36.283,31.941,4.342000000000002
146,12,1000,4,36.666,32.008,4.657999999999994
146,38,1000,4,37.337,32.208,5.129000000000005
146,29,1000,4,36.896,32.121,4.774999999999999
146,84,1000,4,36.908,32.013,4.895000000000003
146,61,10000,4,36.5976,31.9813,4.616299999999999
146,12,10000,4,36.4815,32.0156,4.465899999999998
146,38,10000,4,36.6574,31.9839,4.673500000000004
146,29,10000,4,36.8349,32.0293,4.805599999999998
146,84,10000,4,36.6536,31.9738,4.679799999999997
147,61,1000,3,29.359,22.028,7.331000000000003
147,12,1000,3,29.069,22.035,7.033999999999999
147,38,1000,3,29.385,22.096,7.2890000000000015
147,29,1000,3,28.993,22.077,6.915999999999997
147,84,1000,3,29.271,22.06,7.211000000000002
147,61,10000,3,29.267,22.04,7.227
147,12,10000,3,29.0327,21.9922,7.040499999999998
147,38,10000,3,29.0955,22.0219,7.0736000000000026
147,29,10000,3,29.0414,22.011,7.0304
147,84,10000,3,29.2483,22.0213,7.227
148,61,1000,3,28.226,21.86,6.366
148,12,1000,3,28.243,21.738,6.504999999999999
148,38,1000,3,28.891,21.876,7.014999999999997
148,29,1000,3,28.774,21.837,6.937000000000001
148,84,1000,3,28.849,21.893,6.9559999999999995
148,61,10000,3,28.2427,21.8251,6.4176
148,12,10000,3,28.1976,21.8194,6.3782
148,38,10000,3,28.2326,21.7849,6.447700000000001
148,29,10000,3,28.3947,21.8517,6.542999999999999
148,84,10000,3,28.0336,21.7943,6.2393
149,61,1000,2,18.469,11.224,7.245000000000001
149,12,1000,2,18.466,11.201,7.265000000000001
149,38,1000,2,18.876,11.241,7.635000000000002
149,29,1000,2,19.223,11.217,8.005999999999998
149,84,1000,2,18.858,11.203,7.655000000000001
149,61,10000,2,18.698,11.217,7.481
149,12,10000,2,18.787,11.2063,7.580699999999998
149,38,10000,2,18.7609,11.2233,7.537599999999999
149,29,10000,2,18.872,11.2094,7.662599999999999
149,84,10000,2,18.7226,11.2142,7.5084
150,61,1000,4,33.403,31.213,2.1899999999999977
150,12,1000,4,33.256,31.224,2.032
150,38,1000,4,33.542,31.393,2.149000000000001
150,29,1000,4,33.025,31.23,1.7949999999999982
150,84,1000,4,32.488,31.186,1.3019999999999996
150,61,10000,4,32.9036,31.2211,1.6824999999999974
150,12,10000,4,32.9257,31.2015,1.7241999999999997
150,38,10000,4,32.884,31.2432,1.6407999999999987
150,29,10000,4,32.4101,31.2215,1.188600000000001
150,84,10000,4,32.8118,31.1401,1.6716999999999977
151,61,1000,2,20.384,17.257,3.126999999999999
151,12,1000,2,20.335,16.894,3.4410000000000025
151,38,1000,2,20.574,18.526,2.048000000000002
151,29,1000,2,20.388,17.32,3.0680000000000014
151,84,1000,2,20.5,16.722,3.7779999999999987
151,61,10000,2,20.499,17.0535,3.445499999999999
151,12,10000,2,20.4203,17.2849,3.1354000000000006
151,38,10000,2,20.4292,17.2426,3.186600000000002
151,29,10000,2,20.3638,17.1133,3.2505000000000024
151,84,10000,2,20.4768,17.0926,3.3842
152,61,1000,2,13.203,11.045,2.1579999999999995
152,12,1000,2,14.202,10.989,3.212999999999999
152,38,1000,2,13.326,11.051,2.2750000000000004
152,29,1000,2,13.707,11.021,2.686
152,84,1000,2,14.39,11.081,3.309000000000001
152,61,10000,2,13.857,11.0093,2.8476999999999997
152,12,10000,2,13.622,11.0423,2.5797000000000008
152,38,10000,2,13.6044,11.068,2.5364000000000004
152,29,10000,2,13.6453,10.986,2.6593
152,84,10000,2,13.8036,11.0719,2.7317
153,61,1000,1,9.153,-7.948,17.101
153,12,1000,1,9.322,-8.349,17.671
153,38,1000,1,9.336,-7.75,17.086
153,29,1000,1,9.256,-8.511,17.767
153,84,1000,1,9.317,-8.51,17.826999999999998
153,61,10000,1,9.2898,-8.3395,17.6293
153,12,10000,1,9.2957,-8.0293,17.325
153,38,10000,1,9.1837,-8.3336,17.5173
153,29,10000,1,9.293,-8.0924,17.385399999999997
153,84,10000,1,9.283,-8.1626,17.4456
154,61,1000,4,35.389,31.385,4.004000000000001
154,12,1000,4,35.698,31.378,4.32
154,38,1000,4,35.782,31.383,4.398999999999997
154,29,1000,4,35.399,31.455,3.9440000000000026
154,84,1000,4,36.337,31.385,4.952000000000002
154,61,10000,4,35.8425,31.4122,4.430300000000003
154,12,10000,4,35.8594,31.4234,4.436
154,38,10000,4,35.8688,31.4268,4.442
154,29,10000,4,35.288,31.3949,3.893099999999997
154,84,10000,4,35.7888,31.4078,4.381
155,61,1000,2,12.689,11.036,1.6530000000000005
155,12,1000,2,13.77,10.983,2.786999999999999
155,38,1000,2,13.856,11.072,2.7840000000000007
155,29,1000,2,13.558,11.086,2.4719999999999995
155,84,1000,2,14.582,11.255,3.327
155,61,10000,2,12.9633,10.9928,1.9704999999999995
155,12,10000,2,13.3086,11.0605,2.248100000000001
155,38,10000,2,13.293,11.0247,2.2683
155,29,10000,2,13.3171,11.0689,2.2482000000000006
155,84,10000,2,13.3724,11.0317,2.3407
156,61,1000,7,63.407,61.989,1.4179999999999993
156,12,1000,7,64.143,61.79,2.3530000000000015
156,38,1000,7,65.153,62.307,2.8460000000000036
156,29,1000,7,64.825,61.417,3.4080000000000013
156,84,1000,7,63.438,61.54,1.8980000000000032
156,61,10000,7,64.0327,61.777,2.2557000000000045
156,12,10000,7,63.1409,61.6548,1.4861000000000004
156,38,10000,7,63.9127,61.7442,2.1685000000000016
156,29,10000,7,64.2475,61.6633,2.5842000000000027
156,84,10000,7,63.5427,61.6036,1.9391000000000034
157,61,1000,1,10.684,10.434,0.25
157,12,1000,1,10.746,9.636,1.1100000000000012
157,38,1000,1,10.822,9.729,1.093
157,29,1000,1,10.707,9.929,0.7780000000000005
157,84,1000,1,10.464,9.497,0.9670000000000005
157,61,10000,1,10.7089,9.8864,0.8224999999999998
157,12,10000,1,10.689,9.7598,0.9291999999999998
157,38,10000,1,10.7128,9.7808,0.9320000000000004
157,29,10000,1,10.6529,9.7614,0.8915000000000006
157,84,10000,1,10.6632,9.7599,0.9032999999999998
158,61,1000,1,10.461,-4.68,15.141
158,12,1000,1,10.473,-4.59,15.063
158,38,1000,1,10.415,-5.662,16.076999999999998
158,29,1000,1,10.472,-4.357,14.829
158,84,1000,1,10.459,-4.37,14.829
158,61,10000,1,10.4703,-4.269,14.7393
158,12,10000,1,10.4429,-5.0998,15.5427
158,38,10000,1,10.4564,-4.6417,15.0981
158,29,10000,1,10.4595,-4.5879,15.0474
158,84,10000,1,10.4534,-4.6525,15.1059
159,61,1000,4,38.71,32.039,6.670999999999999
159,12,1000,4,39.867,32.21,7.6569999999999965
159,38,1000,4,39.109,32.163,6.946000000000005
159,29,1000,4,39.134,32.188,6.945999999999998
159,84,1000,4,39.431,32.109,7.321999999999996
159,61,10000,4,39.1217,32.0819,7.0398
159,12,10000,4,39.2029,32.0623,7.140599999999999
159,38,10000,4,39.0674,32.0769,6.990499999999997
159,29,10000,4,38.9964,32.0789,6.917500000000004
159,84,10000,4,39.0139,32.0708,6.943100000000001
160,61,1000,4,41.189,37.795,3.3939999999999984
160,12,1000,4,41.087,37.872,3.2150000000000034
160,38,1000,4,41.2,37.41,3.7900000000000063
160,29,1000,4,41.195,38.89,2.3049999999999997
160,84,1000,4,41.258,39.962,1.2959999999999994
160,61,10000,4,41.1647,38.6164,2.5483000000000047
160,12,10000,4,41.1682,38.5148,2.6533999999999978
160,38,10000,4,41.1478,38.2412,2.9065999999999974
160,29,10000,4,41.1266,38.0856,3.041000000000004
160,84,10000,4,41.1434,38.8982,2.245199999999997
161,61,1000,2,16.793,11.281,5.511999999999999
161,12,1000,2,17.256,11.336,5.92
161,38,1000,2,16.951,11.283,5.668000000000001
161,29,1000,2,16.677,11.262,5.414999999999999
161,84,1000,2,17.269,11.388,5.8809999999999985
161,61,10000,2,17.0842,11.3133,5.770899999999999
161,12,10000,2,17.1535,11.3246,5.828900000000001
161,38,10000,2,16.9092,11.3161,5.593099999999998
161,29,10000,2,16.9398,11.3053,5.634500000000001
161,84,10000,2,16.8089,11.3092,5.499700000000001
162,61,1000,0,24.8,-2.404,27.204
162,12,1000,0,27.4,-2.669,30.069
162,38,1000,0,23.2,-2.227,25.427
162,29,1000,0,23.2,-2.231,25.430999999999997
162,84,1000,0,17.0,-1.619,18.619
162,61,10000,0,26.64,-2.583,29.223
162,12,10000,0,26.02,-2.5189,28.538899999999998
162,38,10000,0,24.04,-2.3199,26.3599
162,29,10000,0,25.42,-2.463,27.883000000000003
162,84,10000,0,21.92,-2.0986,24.018600000000003
163,61,1000,5,49.22,42.634,6.5859999999999985
163,12,1000,5,48.455,42.821,5.634
163,38,1000,5,48.669,42.597,6.071999999999996
163,29,1000,5,47.655,42.573,5.082000000000001
163,84,1000,5,48.818,42.887,5.930999999999997
163,61,10000,5,48.4443,42.7482,5.696100000000001
163,12,10000,5,48.5784,42.7498,5.828600000000002
163,38,10000,5,48.6702,42.7323,5.937899999999999
163,29,10000,5,48.434,42.7676,5.666399999999996
163,84,10000,5,48.448,42.774,5.6739999999999995
164,61,1000,1,8.721,1.332,7.389
164,12,1000,1,8.583,1.958,6.625
164,38,1000,1,8.502,1.176,7.3260000000000005
164,29,1000,1,8.655,1.54,7.114999999999999
164,84,1000,1,8.329,1.808,6.521000000000001
164,61,10000,1,8.6287,1.1829,7.4458
164,12,10000,1,8.5826,1.5028,7.0798
164,38,10000,1,8.4937,1.3946,7.0991
164,29,10000,1,8.6311,1.5171,7.114
164,84,10000,1,8.633,1.8858,6.747199999999999
165,61,1000,3,30.636,26.746,3.8900000000000006
165,12,1000,3,30.656,27.477,3.1789999999999985
165,38,1000,3,30.642,26.436,4.2059999999999995
165,29,1000,3,30.528,27.232,3.2959999999999994
165,84,1000,3,30.153,25.795,4.357999999999997
165,61,10000,3,30.4833,26.7809,3.702400000000001
165,12,10000,3,30.4695,26.5538,3.915700000000001
165,38,10000,3,30.5486,26.7704,3.778200000000002
165,29,10000,3,30.4831,26.7374,3.7456999999999994
165,84,10000,3,30.4654,26.2852,4.180199999999999
166,61,1000,3,29.521,21.937,7.584
166,12,1000,3,28.655,21.838,6.817
166,38,1000,3,29.233,21.944,7.2890000000000015
166,29,1000,3,29.414,21.889,7.525000000000002
166,84,1000,3,29.208,21.86,7.347999999999999
166,61,10000,3,29.1474,21.8702,7.277200000000001
166,12,10000,3,29.0911,21.8552,7.235900000000001
166,38,10000,3,29.1726,21.8718,7.300799999999999
166,29,10000,3,29.1651,21.8702,7.294899999999998
166,84,10000,3,29.2057,21.8636,7.3420999999999985
167,61,1000,1,10.844,7.854,2.9899999999999993
167,12,1000,1,10.869,8.191,2.677999999999999
167,38,1000,1,10.775,6.46,4.315
167,29,1000,1,10.845,7.914,2.931000000000001
167,84,1000,1,10.881,7.344,3.537
167,61,10000,1,10.8755,7.9574,2.918100000000001
167,12,10000,1,10.8806,7.8297,3.0508999999999995
167,38,10000,1,10.844,7.745,3.0989999999999993
167,29,10000,1,10.8274,8.0409,2.7865
167,84,10000,1,10.8311,7.7615,3.0695999999999994
168,61,1000,3,29.517,21.756,7.760999999999999
168,12,1000,3,29.502,21.741,7.760999999999999
168,38,1000,3,29.462,21.76,7.701999999999998
168,29,1000,3,29.488,21.727,7.760999999999999
168,84,1000,3,29.844,21.788,8.056000000000001
168,61,10000,3,29.5475,21.757,7.790499999999998
168,12,10000,3,29.5294,21.7448,7.7845999999999975
168,38,10000,3,29.6542,21.7516,7.9026
168,29,10000,3,29.5607,21.7525,7.808199999999999
168,84,10000,3,29.7352,21.7677,7.967499999999998
169,61,1000,1,10.871,7.763,3.1080000000000005
169,12,1000,1,10.882,7.149,3.7329999999999997
169,38,1000,1,10.796,6.109,4.686999999999999
169,29,1000,1,10.768,6.765,4.003000000000001
169,84,1000,1,10.74,5.547,5.1930000000000005
169,61,10000,1,10.7961,6.3218,4.4742999999999995
169,12,10000,1,10.8189,6.6211,4.197799999999999
169,38,10000,1,10.7893,6.1668,4.6225000000000005
169,29,10000,1,10.7801,6.1775,4.602599999999999
169,84,10000,1,10.7872,5.9483,4.838900000000001
170,61,1000,1,10.241,4.901,5.34
170,12,1000,1,10.419,5.699,4.720000000000001
170,38,1000,1,10.297,5.307,4.99
170,29,1000,1,10.279,4.587,5.692
170,84,1000,1,10.413,6.24,4.173
170,61,10000,1,10.3207,5.457,4.863700000000001
170,12,10000,1,10.3679,5.1322,5.2357000000000005
170,38,10000,1,10.3444,5.64,4.704400000000001
170,29,10000,1,10.3858,5.4619,4.9239
170,84,10000,1,10.3687,5.2774,5.0913
171,61,1000,1,10.083,-5.088,15.171
171,12,1000,1,9.907,-5.279,15.186
171,38,1000,1,10.06,-5.539,15.599
171,29,1000,1,9.987,-5.279,15.266
171,84,1000,1,10.15,-4.515,14.665
171,61,10000,1,9.9964,-5.1469,15.1433
171,12,10000,1,10.0782,-5.4008,15.479000000000001
171,38,10000,1,10.0288,-5.1934,15.2222
171,29,10000,1,10.0351,-5.199,15.2341
171,84,10000,1,10.0406,-5.1564,15.197
172,61,1000,2,16.492,11.431,5.061000000000002
172,12,1000,2,16.668,11.412,5.2559999999999985
172,38,1000,2,15.87,11.374,4.495999999999999
172,29,1000,2,16.525,11.425,5.099999999999998
172,84,1000,2,16.699,11.423,5.276000000000002
172,61,10000,2,16.3037,11.4003,4.9033999999999995
172,12,10000,2,16.5687,11.404,5.1647
172,38,10000,2,16.4344,11.412,5.022399999999999
172,29,10000,2,16.2949,11.4051,4.889799999999999
172,84,10000,2,16.2336,11.3984,4.835199999999999
173,61,1000,1,8.825,-7.174,15.998999999999999
173,12,1000,1,9.034,-8.258,17.292
173,38,1000,1,8.933,-8.669,17.602
173,29,1000,1,8.918,-9.132,18.049999999999997
173,84,1000,1,9.048,-8.771,17.819000000000003
173,61,10000,1,8.8489,-8.7664,17.6153
173,12,10000,1,8.9088,-8.6221,17.5309
173,38,10000,1,8.9011,-8.294,17.1951
173,29,10000,1,8.9808,-8.4074,17.3882
173,84,10000,1,8.8719,-8.6854,17.557299999999998
174,61,1000,2,20.544,17.929,2.615000000000002
174,12,1000,2,20.413,18.626,1.786999999999999
174,38,1000,2,20.281,18.595,1.686
174,29,1000,2,20.501,19.795,0.7059999999999995
174,84,1000,2,20.519,19.242,1.2769999999999975
174,61,10000,2,20.4131,19.1063,1.306799999999999
174,12,10000,2,20.4566,19.1806,1.2760000000000034
174,38,10000,2,20.4153,18.6778,1.7374999999999972
174,29,10000,2,20.2348,18.931,1.303799999999999
174,84,10000,2,20.4421,19.3534,1.0886999999999993
175,61,1000,5,43.378,41.704,1.6739999999999995
175,12,1000,5,44.438,41.774,2.6640000000000015
175,38,1000,5,42.875,41.696,1.179000000000002
175,29,1000,5,43.222,41.647,1.5750000000000028
175,84,1000,5,43.07,41.693,1.3770000000000024
175,61,10000,5,43.3712,41.717,1.654200000000003
175,12,10000,5,44.0515,41.7439,2.3076000000000008
175,38,10000,5,42.9367,41.7181,1.2186000000000021
175,29,10000,5,43.8052,41.7173,2.0878999999999976
175,84,10000,5,43.4109,41.7091,1.7017999999999986
176,61,1000,3,22.887,21.498,1.3889999999999993
176,12,1000,3,23.609,21.472,2.1370000000000005
176,38,1000,3,23.19,21.426,1.764000000000003
176,29,1000,3,22.387,21.43,0.9570000000000007
176,84,1000,3,22.544,21.429,1.115000000000002
176,61,10000,3,22.6696,21.449,1.2205999999999975
176,12,10000,3,23.2999,21.4714,1.8285000000000018
176,38,10000,3,23.0267,21.442,1.5847000000000016
176,29,10000,3,22.974,21.4424,1.531600000000001
176,84,10000,3,22.8187,21.4561,1.3626000000000005
177,61,1000,1,10.871,9.401,1.4700000000000006
177,12,1000,1,10.878,9.954,0.9239999999999995
177,38,1000,1,10.935,9.952,0.9830000000000005
177,29,1000,1,10.936,9.894,1.0419999999999998
177,84,1000,1,10.899,10.228,0.6709999999999994
177,61,10000,1,10.8834,9.7779,1.1054999999999993
177,12,10000,1,10.9163,10.019,0.8972999999999995
177,38,10000,1,10.9266,9.9804,0.946200000000001
177,29,10000,1,10.8851,9.8673,1.0177999999999994
177,84,10000,1,10.9208,9.9083,1.0124999999999993
178,61,1000,1,10.432,7.804,2.628
178,12,1000,1,10.669,10.026,0.6430000000000007
178,38,1000,1,10.603,8.79,1.8130000000000006
178,29,1000,1,10.6,9.197,1.4030000000000005
178,84,1000,1,10.717,9.467,1.25
178,61,10000,1,10.5852,9.3171,1.2681000000000004
178,12,10000,1,10.6517,9.4617,1.1899999999999995
178,38,10000,1,10.6392,9.4496,1.1896000000000004
178,29,10000,1,10.5843,9.3414,1.2429000000000006
178,84,10000,1,10.6137,9.2863,1.327399999999999
179,61,1000,0,23.8,-2.296,26.096
179,12,1000,0,21.8,-2.105,23.905
179,38,1000,0,24.4,-2.371,26.770999999999997
179,29,1000,0,25.4,-2.471,27.871
179,84,1000,0,23.8,-2.319,26.119
179,61,10000,0,23.1,-2.2416,25.3416
179,12,10000,0,23.18,-2.2546,25.4346
179,38,10000,0,23.08,-2.24,25.32
179,29,10000,0,22.78,-2.2099,24.989900000000002
179,84,10000,0,22.4,-2.1723,24.5723
180,61,1000,1,9.679,-9.346,19.025
180,12,1000,1,9.764,-9.907,19.671
180,38,1000,1,9.588,-10.703,20.290999999999997
180,29,1000,1,10.043,-9.908,19.951
180,84,1000,1,9.822,-10.104,19.926
180,61,10000,1,9.8112,-9.9915,19.8027
180,12,10000,1,9.8247,-10.3335,20.1582
180,38,10000,1,9.7911,-10.2336,20.0247
180,29,10000,1,9.829,-9.8571,19.686100000000003
180,84,10000,1,9.7773,-10.0929,19.8702
181,61,1000,4,37.405,31.821,5.584
181,12,1000,4,36.912,31.862,5.050000000000001
181,38,1000,4,38.098,31.863,6.234999999999999
181,29,1000,4,37.278,31.833,5.445
181,84,1000,4,36.541,31.747,4.793999999999997
181,61,10000,4,37.2158,31.78,5.4358
181,12,10000,4,37.2911,31.7864,5.5047
181,38,10000,4,37.0767,31.7853,5.291400000000003
181,29,10000,4,37.5134,31.7973,5.716099999999997
181,84,10000,4,37.1993,31.7714,5.427900000000001
182,61,1000,1,6.695,-9.058,15.753
182,12,1000,1,6.375,-10.346,16.721
182,38,1000,1,6.515,-10.541,17.056
182,29,1000,1,6.817,-10.422,17.239
182,84,1000,1,6.555,-9.663,16.218
182,61,10000,1,6.4272,-9.7935,16.2207
182,12,10000,1,6.5369,-9.9675,16.5044
182,38,10000,1,6.3458,-10.193,16.5388
182,29,10000,1,6.4914,-9.7309,16.2223
182,84,10000,1,6.591,-10.022,16.613
183,61,1000,3,23.613,20.781,2.8320000000000007
183,12,1000,3,22.787,20.501,2.285999999999998
183,38,1000,3,22.749,20.642,2.1069999999999993
183,29,1000,3,23.105,20.484,2.6209999999999987
183,84,1000,3,21.769,20.566,1.2029999999999994
183,61,10000,3,22.623,20.6003,2.0227000000000004
183,12,10000,3,22.4738,20.5946,1.8792000000000009
183,38,10000,3,22.86,20.615,2.245000000000001
183,29,10000,3,22.534,20.6179,1.9161000000000001
183,84,10000,3,22.5224,20.6139,1.9085
184,61,1000,2,16.51,11.371,5.139000000000001
184,12,1000,2,16.705,11.332,5.3729999999999976
184,38,1000,2,15.834,11.28,4.554
184,29,1000,2,16.326,11.323,5.003
184,84,1000,2,16.531,11.294,5.236999999999998
184,61,10000,2,16.2878,11.3003,4.987500000000001
184,12,10000,2,16.181,11.291,4.890000000000001
184,38,10000,2,16.1457,11.2888,4.856900000000001
184,29,10000,2,16.1292,11.2859,4.843300000000001
184,84,10000,2,16.3457,11.2918,5.0539000000000005
185,61,1000,6,57.758,51.852,5.906000000000006
185,12,1000,6,58.839,51.762,7.076999999999998
185,38,1000,6,58.934,51.838,7.0959999999999965
185,29,1000,6,59.396,51.624,7.7719999999999985
185,84,1000,6,58.644,51.805,6.838999999999999
185,61,10000,6,58.702,51.7921,6.9099
185,12,10000,6,58.3572,51.7262,6.631
185,38,10000,6,58.6872,51.793,6.894199999999998
185,29,10000,6,58.711,51.7711,6.9399000000000015
185,84,10000,6,58.6501,51.7735,6.876600000000003
186,61,1000,3,25.113,21.362,3.7510000000000012
186,12,1000,3,24.88,21.346,3.533999999999999
186,38,1000,3,25.584,21.441,4.143000000000001
186,29,1000,3,24.962,21.329,3.632999999999999
186,84,1000,3,24.841,21.406,3.4350000000000023
186,61,10000,3,25.6115,21.4253,4.1861999999999995
186,12,10000,3,25.5729,21.3983,4.174600000000002
186,38,10000,3,25.6599,21.4305,4.229400000000002
186,29,10000,3,25.5828,21.4202,4.162599999999998
186,84,10000,3,25.3467,21.4022,3.944499999999998
187,61,1000,1,10.806,5.883,4.922999999999999
187,12,1000,1,10.86,6.717,4.143
187,38,1000,1,10.827,6.021,4.806
187,29,1000,1,10.827,6.372,4.455
187,84,1000,1,10.856,6.596,4.26
187,61,10000,1,10.8508,6.6571,4.1937
187,12,10000,1,10.8529,6.6514,4.2015
187,38,10000,1,10.8582,6.4266,4.4316
187,29,10000,1,10.8516,6.4239,4.4277
187,84,10000,1,10.868,6.764,4.104
188,61,1000,2,15.904,11.115,4.789
188,12,1000,2,15.465,11.145,4.32
188,38,1000,2,15.856,11.126,4.73
188,29,1000,2,15.751,11.138,4.6129999999999995
188,84,1000,2,16.515,11.181,5.334000000000001
188,61,10000,2,16.0628,11.1477,4.915099999999999
188,12,10000,2,16.0432,11.1476,4.895599999999998
188,38,10000,2,15.8675,11.1276,4.7399000000000004
188,29,10000,2,15.9699,11.1403,4.829600000000001
188,84,10000,2,16.0959,11.1496,4.946300000000001
189,61,1000,2,20.101,11.569,8.531999999999998
189,12,1000,2,20.143,11.611,8.532
189,38,1000,2,20.156,11.585,8.570999999999998
189,29,1000,2,20.034,11.58,8.453999999999999
189,84,1000,2,19.848,11.589,8.258999999999999
189,61,10000,2,20.0526,11.6025,8.450100000000003
189,12,10000,2,20.0777,11.6042,8.4735
189,38,10000,2,20.0398,11.6092,8.4306
189,29,10000,2,19.9956,11.6001,8.3955
189,84,10000,2,20.0878,11.6104,8.477400000000001
190,61,1000,1,8.791,0.189,8.602
190,12,1000,1,9.108,0.03,9.078000000000001
190,38,1000,1,9.154,0.875,8.279
190,29,1000,1,9.209,0.909,8.299999999999999
190,84,1000,1,8.746,0.399,8.347000000000001
190,61,10000,1,9.0078,0.7674,8.2404
190,12,10000,1,8.9354,0.1309,8.804499999999999
190,38,10000,1,8.9756,0.6328,8.3428
190,29,10000,1,8.975,0.8389,8.136099999999999
190,84,10000,1,8.9712,0.4489,8.5223
191,61,1000,5,49.055,43.376,5.679000000000002
191,12,1000,5,49.228,42.278,6.950000000000003
191,38,1000,5,50.446,45.152,5.293999999999997
191,29,1000,5,49.462,43.026,6.436
191,84,1000,5,48.924,43.583,5.341000000000001
191,61,10000,5,49.4383,43.6549,5.7834
191,12,10000,5,49.5799,43.7536,5.826300000000003
191,38,10000,5,49.3455,42.94,6.4055000000000035
191,29,10000,5,49.463,43.0784,6.384599999999999
191,84,10000,5,49.6675,43.061,6.606499999999997
192,61,1000,2,13.044,11.077,1.9670000000000005
192,12,1000,2,12.238,11.091,1.1470000000000002
192,38,1000,2,12.623,11.005,1.6179999999999986
192,29,1000,2,12.374,11.05,1.3239999999999998
192,84,1000,2,12.653,11.136,1.5170000000000012
192,61,10000,2,12.704,11.1198,1.584200000000001
192,12,10000,2,12.5731,11.0923,1.4808000000000003
192,38,10000,2,12.6746,11.0379,1.6366999999999994
192,29,10000,2,12.6411,11.0818,1.5593000000000004
192,84,10000,2,12.7523,11.0816,1.6707
193,61,1000,5,49.752,42.058,7.694000000000003
193,12,1000,5,49.625,42.11,7.515000000000001
193,38,1000,5,49.524,42.108,7.416000000000004
193,29,1000,5,49.33,42.112,7.217999999999996
193,84,1000,5,49.432,42.115,7.317
193,61,10000,5,49.487,42.0885,7.3984999999999985
193,12,10000,5,49.3548,42.101,7.253799999999998
193,38,10000,5,49.3738,42.0983,7.275500000000001
193,29,10000,5,49.4367,42.0919,7.344799999999999
193,84,10000,5,49.5579,42.0962,7.461699999999993
194,61,1000,2,11.404,11.021,0.3829999999999991
194,12,1000,1,10.96,10.563,0.39700000000000024
194,38,1000,1,11.091,10.985,0.10599999999999987
194,29,1000,1,11.057,10.073,0.984
194,84,1000,2,11.385,11.042,0.34299999999999997
194,61,10000,1,11.0317,10.704,0.3277000000000001
194,12,10000,1,11.0245,10.6245,0.40000000000000036
194,38,10000,1,11.0321,10.8312,0.20089999999999897
194,29,10000,1,11.0208,10.7108,0.3099999999999987
194,84,10000,1,11.0272,10.8673,0.15990000000000038
195,61,1000,2,20.557,16.547,4.009999999999998
195,12,1000,2,20.63,16.934,3.695999999999998
195,38,1000,2,20.374,15.934,4.4399999999999995
195,29,1000,2,20.34,16.964,3.3760000000000012
195,84,1000,2,20.532,17.034,3.498000000000001
195,61,10000,2,20.4973,16.4826,4.014699999999998
195,12,10000,2,20.4459,16.2689,4.177000000000003
195,38,10000,2,20.5451,16.1933,4.351800000000001
195,29,10000,2,20.4988,16.4725,4.026299999999999
195,84,10000,2,20.5296,16.2195,4.3100999999999985
196,61,1000,3,25.718,21.634,4.084
196,12,1000,3,25.727,21.544,4.183
196,38,1000,3,25.135,21.561,3.5740000000000016
196,29,1000,3,26.566,21.656,4.91
196,84,1000,3,25.649,21.544,4.105
196,61,10000,3,25.8251,21.5871,4.2379999999999995
196,12,10000,3,25.7518,21.5387,4.213100000000001
196,38,10000,3,25.7833,21.4967,4.2866
196,29,10000,3,26.0249,21.5783,4.4466
196,84,10000,3,25.8459,21.5881,4.2578
197,61,1000,2,19.077,12.202,6.875000000000002
197,12,1000,2,19.564,12.201,7.3629999999999995
197,38,1000,2,19.2,12.129,7.071
197,29,1000,2,19.219,12.618,6.601000000000001
197,84,1000,2,18.835,12.175,6.66
197,61,10000,2,19.2396,12.2022,7.0374
197,12,10000,2,19.2288,12.168,7.0608
197,38,10000,2,19.1604,12.1797,6.980699999999999
197,29,10000,2,19.1971,12.1776,7.019499999999999
197,84,10000,2,19.2649,12.1647,7.100200000000001
198,61,1000,2,17.817,11.877,5.9399999999999995
198,12,1000,2,17.781,11.782,5.998999999999999
198,38,1000,2,17.54,11.854,5.686
198,29,1000,2,18.097,11.825,6.272000000000002
198,84,1000,2,17.323,11.871,5.452
198,61,10000,2,17.9441,11.8242,6.1198999999999995
198,12,10000,2,17.93,11.7962,6.133799999999999
198,38,10000,2,18.035,11.8434,6.191599999999999
198,29,10000,2,17.9312,11.813,6.1182
198,84,10000,2,17.8291,11.8361,5.993
199,61,1000,5,50.912,47.422,3.490000000000002
199,12,1000,5,50.537,46.514,4.022999999999996
199,38,1000,5,50.909,48.49,2.418999999999997
199,29,1000,5,50.537,46.633,3.9039999999999964
199,84,1000,5,50.884,48.465,2.418999999999997
199,61,10000,5,50.8764,47.3726,3.5037999999999982
199,12,10000,5,50.7982,47.2116,3.5866000000000042
199,38,10000,5,50.7295,47.0463,3.6831999999999994
199,29,10000,5,50.7254,47.3497,3.375700000000002
199,84,10000,5,50.8809,47.5813,3.299599999999998
200,61,1000,4,38.922,32.074,6.847999999999999
200,12,1000,4,38.647,34.07,4.576999999999998
200,38,1000,4,38.421,33.49,4.930999999999997
200,29,1000,4,39.195,32.05,7.145000000000003
200,84,1000,4,39.374,34.275,5.099000000000004
200,61,10000,4,39.176,32.0787,7.097300000000004
200,12,10000,4,39.2084,32.7566,6.451799999999999
200,38,10000,4,39.2148,32.0859,7.1288999999999945
200,29,10000,4,39.2194,32.2585,6.960900000000002
200,84,10000,4,39.3448,32.559,6.785800000000002
